"From (Date)","To (Date)","Town","Super (PMS)","Diesel (AGO)","Kerosene (IK)"
"15/04/2025","14/05/2025","Mombasa","171.39","161.62","145.75"
"15/04/2025","14/05/2025","Kilifi","172.15","162.39","146.52"
"15/04/2025","14/05/2025","Likoni Mainland","171.77","162.01","146.14"
"15/04/2025","14/05/2025","Kwale","171.77","162.01","146.14"
"15/04/2025","14/05/2025","Malindi","172.37","162.61","146.74"
"15/04/2025","14/05/2025","Lungalunga","172.54","162.77","146.9"
"15/04/2025","14/05/2025","Voi","172.97","163.21","147.33"
"15/04/2025","14/05/2025","Taveta","174.49","164.72","148.85"
"15/04/2025","14/05/2025","Lamu","174.93","165.17","149.29"
"15/04/2025","14/05/2025","Hola","175.23","165.48","149.6"
"15/04/2025","14/05/2025","Mpeketoni","174.93","165.17","149.29"
"15/04/2025","14/05/2025","Minjila","173.81","164.06","148.18"
"15/04/2025","14/05/2025","Garsen","173.92","164.15","148.28"
"15/04/2025","14/05/2025","Samburu","171.7","161.95","146.07"
"15/04/2025","14/05/2025","Taru","171.9","162.15","146.27"
"15/04/2025","14/05/2025","Mwatate","173.33","163.57","147.69"
"15/04/2025","14/05/2025","Wundanji","173.51","163.76","147.88"
"15/04/2025","14/05/2025","Kaloleni","171.55","161.8","145.92"
"15/04/2025","14/05/2025","Marereni","173.08","163.32","147.45"
"15/04/2025","14/05/2025","Nairobi","174.63","164.86","148.99"
"15/04/2025","14/05/2025","Thika","174.63","164.87","148.99"
"15/04/2025","14/05/2025","Machakos","174.88","165.12","149.24"
"15/04/2025","14/05/2025","Kajiado","175.08","165.31","149.43"
"15/04/2025","14/05/2025","Makuyu","174.94","165.17","149.29"
"15/04/2025","14/05/2025","Muranga","175.18","165.42","149.55"
"15/04/2025","14/05/2025","Sagana","175.43","165.66","149.78"
"15/04/2025","14/05/2025","Embu","175.81","166.04","150.17"
"15/04/2025","14/05/2025","Kerugoya","175.73","165.96","150.09"
"15/04/2025","14/05/2025","Narok","176.12","166.36","150.48"
"15/04/2025","14/05/2025","Nyeri","176.1","166.33","150.46"
"15/04/2025","14/05/2025","Namanga","176.28","166.52","150.64"
"15/04/2025","14/05/2025","Kiganjo","176.06","166.3","150.42"
"15/04/2025","14/05/2025","Chuka","176.38","166.61","150.74"
"15/04/2025","14/05/2025","Kitui","176.27","166.51","150.63"
"15/04/2025","14/05/2025","Mwingi","176.69","166.93","151.05"
"15/04/2025","14/05/2025","Nanyuki","176.7","166.94","151.06"
"15/04/2025","14/05/2025","Nkubu","177.75","167.98","152.1"
"15/04/2025","14/05/2025","Mtito Andei","177.25","167.48","151.6"
"15/04/2025","14/05/2025","Meru","177.95","168.19","152.31"
"15/04/2025","14/05/2025","Isiolo","177.79","168.04","152.16"
"15/04/2025","14/05/2025","Maua","178.44","168.68","152.8"
"15/04/2025","14/05/2025","Garissa","179.1","169.34","153.47"
"15/04/2025","14/05/2025","Marsabit","183.06","173.29","157.42"
"15/04/2025","14/05/2025","Liboi","182.07","172.31","156.44"
"15/04/2025","14/05/2025","Moyale","184.75","175","159.12"
"15/04/2025","14/05/2025","Sololo","183.74","173.98","158.1"
"15/04/2025","14/05/2025","Habaswein","181.99","172.23","156.36"
"15/04/2025","14/05/2025","Dadaab","180.59","170.82","154.95"
"15/04/2025","14/05/2025","Tarbaj","184.4","174.65","158.77"
"15/04/2025","14/05/2025","Elwak","186.13","176.37","160.49"
"15/04/2025","14/05/2025","Wajir","184.58","174.81","158.93"
"15/04/2025","14/05/2025","Modogashe","182.14","172.38","156.51"
"15/04/2025","14/05/2025","Mandera","188.64","178.87","162.99"
"15/04/2025","14/05/2025","Matuu","175.59","165.82","149.95"
"15/04/2025","14/05/2025","Merti","180.37","170.6","154.72"
"15/04/2025","14/05/2025","Oldonyiro","177.15","167.39","151.52"
"15/04/2025","14/05/2025","Eldas","186.48","176.72","160.84"
"15/04/2025","14/05/2025","Bute","183.3","173.54","157.66"
"15/04/2025","14/05/2025","Hadado","181.78","172.02","156.15"
"15/04/2025","14/05/2025","Mai Mahiu","174.75","164.99","149.12"
"15/04/2025","14/05/2025","Doldo","177.52","167.76","151.88"
"15/04/2025","14/05/2025","Lamuria","176.57","166.81","150.94"
"15/04/2025","14/05/2025","Sipili","177.5","167.74","151.87"
"15/04/2025","14/05/2025","Marimanti","177.11","167.34","151.46"
"15/04/2025","14/05/2025","Mutuobare","176.4","166.63","150.75"
"15/04/2025","14/05/2025","North Horr","184.09","174.33","158.45"
"15/04/2025","14/05/2025","Maikona","182.61","172.84","156.96"
"15/04/2025","14/05/2025","Kalacha","183.19","173.42","157.55"
"15/04/2025","14/05/2025","Loyangalani","183.26","173.49","157.62"
"15/04/2025","14/05/2025","Turbi","183.05","173.28","157.41"
"15/04/2025","14/05/2025","Laisamis","180.04","170.29","154.41"
"15/04/2025","14/05/2025","Merille","179.73","169.96","154.08"
"15/04/2025","14/05/2025","Korr","181.06","171.3","155.42"
"15/04/2025","14/05/2025","Nakuru","173.85","164.43","148.61"
"15/04/2025","14/05/2025","Gilgil","173.81","164.39","148.56"
"15/04/2025","14/05/2025","Mogotio","173.8","164.37","148.55"
"15/04/2025","14/05/2025","Molo","173.89","164.47","148.64"
"15/04/2025","14/05/2025","Olenguruone","174.65","165.22","149.4"
"15/04/2025","14/05/2025","Londiani","174.13","164.71","148.89"
"15/04/2025","14/05/2025","Nyahururu","174.12","164.7","148.86"
"15/04/2025","14/05/2025","Archers Post","177.33","167.9","152.08"
"15/04/2025","14/05/2025","Lodosoit","178.51","169.08","153.26"
"15/04/2025","14/05/2025","Naivasha","174.21","164.78","148.96"
"15/04/2025","14/05/2025","Marigat","174.64","165.21","149.39"
"15/04/2025","14/05/2025","Kabarnet","175.16","165.74","149.91"
"15/04/2025","14/05/2025","Maralal","176.33","166.9","151.08"
"15/04/2025","14/05/2025","Wamba","177.23","167.81","151.98"
"15/04/2025","14/05/2025","Rumuruti","174.71","165.28","149.46"
"15/04/2025","14/05/2025","Eldoret","174.67","165.25","149.42"
"15/04/2025","14/05/2025","Kiplombe","174.67","165.25","149.42"
"15/04/2025","14/05/2025","Iten","174.67","165.25","149.42"
"15/04/2025","14/05/2025","Naiberi","174.67","165.25","149.42"
"15/04/2025","14/05/2025","Kesses","174.67","165.25","149.42"
"15/04/2025","14/05/2025","Kapsabet","174.69","165.27","149.44"
"15/04/2025","14/05/2025","Webuye","175.14","165.71","149.88"
"15/04/2025","14/05/2025","Kitale","175.07","165.64","149.82"
"15/04/2025","14/05/2025","Kapenguria","175.75","166.32","150.5"
"15/04/2025","14/05/2025","Bungoma","175.5","166.07","150.24"
"15/04/2025","14/05/2025","Moiben","174.69","165.27","149.44"
"15/04/2025","14/05/2025","Matunda","174.66","165.24","149.41"
"15/04/2025","14/05/2025","Burnt Forest","174.62","165.2","149.37"
"15/04/2025","14/05/2025","Tambach","174.72","165.29","149.47"
"15/04/2025","14/05/2025","Kapsowar","175.22","165.79","149.97"
"15/04/2025","14/05/2025","Chebara","175.09","165.67","149.84"
"15/04/2025","14/05/2025","Kimwarer","175.01","165.59","149.76"
"15/04/2025","14/05/2025","Timboroa","174.93","165.5","149.68"
"15/04/2025","14/05/2025","Nandi Hills","174.88","165.46","149.63"
"15/04/2025","14/05/2025","Kaiboi","174.73","165.31","149.48"
"15/04/2025","14/05/2025","Kiminini","175.26","165.84","150.01"
"15/04/2025","14/05/2025","Endebes","175.63","166.21","150.38"
"15/04/2025","14/05/2025","Saboti","175.29","165.86","150.04"
"15/04/2025","14/05/2025","Chepareria","175.97","166.54","150.72"
"15/04/2025","14/05/2025","Lomut","177.7","168.28","152.46"
"15/04/2025","14/05/2025","Burgich","176.41","166.98","151.16"
"15/04/2025","14/05/2025","Sigor","176.55","167.12","151.3"
"15/04/2025","14/05/2025","Lodwar","179.16","169.74","153.91"
"15/04/2025","14/05/2025","Kakuma","180.87","171.45","155.63"
"15/04/2025","14/05/2025","Lokichar","178.09","168.67","152.84"
"15/04/2025","14/05/2025","Kalokol","179.98","170.56","154.73"
"15/04/2025","14/05/2025","Lokori","178.48","169.06","153.24"
"15/04/2025","14/05/2025","Lokitaung","183.08","173.65","157.83"
"15/04/2025","14/05/2025","Kapedo","177.7","168.28","152.46"
"15/04/2025","14/05/2025","Malaba","175.92","166.51","150.67"
"15/04/2025","14/05/2025","Lokichogio","182.15","172.73","156.9"
"15/04/2025","14/05/2025","Ziwa","174.88","165.46","149.63"
"15/04/2025","14/05/2025","Soy","174.67","165.25","149.42"
"15/04/2025","14/05/2025","Moi's Bridge","174.74","165.32","149.49"
"15/04/2025","14/05/2025","Turbo","174.62","165.2","149.37"
"15/04/2025","14/05/2025","Kibish","183.33","173.91","158.09"
"15/04/2025","14/05/2025","Nakalale","182.06","172.64","156.82"
"15/04/2025","14/05/2025","Loima","178.22","168.79","152.97"
"15/04/2025","14/05/2025","Lokiriama","179.9","170.48","154.65"
"15/04/2025","14/05/2025","Kainuk","176.9","167.47","151.65"
"15/04/2025","14/05/2025","Kacheliba","176.18","166.75","150.93"
"15/04/2025","14/05/2025","Kiwawa","176.83","167.4","151.58"
"15/04/2025","14/05/2025","Ortum","176.39","166.96","151.14"
"15/04/2025","14/05/2025","Kachibora","175.09","165.67","149.84"
"15/04/2025","14/05/2025","Kwanza","175.86","166.44","150.6"
"15/04/2025","14/05/2025","Kaplamai","175.12","165.7","149.87"
"15/04/2025","14/05/2025","Eldama Ravine","175.56","166.14","150.31"
"15/04/2025","14/05/2025","Tenges","175.72","166.3","150.47"
"15/04/2025","14/05/2025","Barwessa","175.84","166.42","150.59"
"15/04/2025","14/05/2025","Kipsaraman","176.82","167.39","151.57"
"15/04/2025","14/05/2025","Loruk","176.68","167.25","151.43"
"15/04/2025","14/05/2025","Kabartonjo","175.56","166.14","150.31"
"15/04/2025","14/05/2025","Tindiret","175.63","166.21","150.38"
"15/04/2025","14/05/2025","O'lessos","174.74","165.32","149.49"
"15/04/2025","14/05/2025","Kobujoi","175.17","165.75","149.93"
"15/04/2025","14/05/2025","Serem","175.26","165.84","150.01"
"15/04/2025","14/05/2025","Kabiyet","174.67","165.25","149.42"
"15/04/2025","14/05/2025","Cheptulu","175.14","165.71","149.88"
"15/04/2025","14/05/2025","Songor","175.72","166.3","150.47"
"15/04/2025","14/05/2025","Kapcherop","175.33","165.9","150.08"
"15/04/2025","14/05/2025","Sambalat","176.06","166.65","150.81"
"15/04/2025","14/05/2025","Arror","175.69","166.26","150.44"
"15/04/2025","14/05/2025","Tot","175.91","166.49","150.66"
"15/04/2025","14/05/2025","Kaptarakwa","174.88","165.46","149.63"
"15/04/2025","14/05/2025","Kapese","178.05","168.63","152.8"
"15/04/2025","14/05/2025","Kalemngorok","177.4","167.97","152.15"
"15/04/2025","14/05/2025","Marich","176.3","166.88","151.06"
"15/04/2025","14/05/2025","Alale","176.83","167.4","151.58"
"15/04/2025","14/05/2025","Kunyao","176.47","167.04","151.22"
"15/04/2025","14/05/2025","Asilong","176.03","166.6","150.78"
"15/04/2025","14/05/2025","Orolwo","176.06","166.65","150.81"
"15/04/2025","14/05/2025","Sebit","176.01","166.59","150.76"
"15/04/2025","14/05/2025","Morpus","175.91","166.49","150.66"
"15/04/2025","14/05/2025","Chepkorniswo","175.79","166.37","150.53"
"15/04/2025","14/05/2025","Kaibichbich","175.73","166.31","150.49"
"15/04/2025","14/05/2025","Keringet","175.44","166.02","150.19"
"15/04/2025","14/05/2025","Kisumu","174.67","165.24","149.42"
"15/04/2025","14/05/2025","Sondu","174.78","165.36","149.53"
"15/04/2025","14/05/2025","Oyugis","175.3","165.87","150.05"
"15/04/2025","14/05/2025","Kakamega","174.72","165.3","149.48"
"15/04/2025","14/05/2025","Mumias","175.02","165.59","149.77"
"15/04/2025","14/05/2025","Bondo","174.89","165.48","149.64"
"15/04/2025","14/05/2025","Siaya","175.03","165.6","149.78"
"15/04/2025","14/05/2025","Kericho","175.22","165.79","149.97"
"15/04/2025","14/05/2025","Nyamira","175.29","165.86","150.04"
"15/04/2025","14/05/2025","Kisii","175.61","166.19","150.37"
"15/04/2025","14/05/2025","Sotik","175.44","166.01","150.19"
"15/04/2025","14/05/2025","Keroka","175.63","166.21","150.38"
"15/04/2025","14/05/2025","Busia","175.6","166.18","150.35"
"15/04/2025","14/05/2025","Homabay","175.54","166.12","150.3"
"15/04/2025","14/05/2025","Migori","176.46","167.04","151.22"
"15/04/2025","14/05/2025","Isebania","176.77","167.34","151.52"
"15/04/2025","14/05/2025","Bomet","175.87","166.44","150.62"
"15/04/2025","14/05/2025","Muhoroni","174.92","165.49","149.66"
"15/04/2025","14/05/2025","Mbita","175.53","166.11","150.28"
"15/04/2025","14/05/2025","Mbale","174.67","165.24","149.42"
"15/04/2025","14/05/2025","Etago","176.23","166.8","150.98"
"15/04/2025","14/05/2025","Magenche","176.34","166.91","151.09"
"15/04/2025","14/05/2025","Kilgoris","176.16","166.74","150.91"
"15/04/2025","14/05/2025","Malava","175.06","165.64","149.81"
"15/04/2025","14/05/2025","Lugari","175.47","166.06","150.23"
"15/04/2025","14/05/2025","Rodi Kopany","175.61","166.19","150.37"
"15/04/2025","14/05/2025","Ndhiwa","175.91","166.48","150.66"
"15/04/2025","14/05/2025","Rangwe","175.6","166.18","150.35"
"15/04/2025","14/05/2025","Sindo","175.61","166.19","150.37"
"15/04/2025","14/05/2025","Awasi","174.63","165.21","149.39"
"15/04/2025","14/05/2025","Ahero","174.67","165.24","149.42"
"15/04/2025","14/05/2025","Ugunja","175.12","165.71","149.88"
"15/04/2025","14/05/2025","Asembo","174.75","165.34","149.5"
"15/04/2025","14/05/2025","Usenge","175.26","165.85","150.02"
"15/04/2025","14/05/2025","Harambee","174.72","165.29","149.47"
"15/04/2025","14/05/2025","Muhuru Bay","176.62","167.19","151.37"
"15/04/2025","14/05/2025","Kehancha","176.86","167.45","151.61"
"15/04/2025","14/05/2025","Ntimaru","177.2","167.77","151.95"
"15/04/2025","14/05/2025","Rongo","175.88","166.46","150.63"
"15/04/2025","14/05/2025","Kaspokwony","175.84","166.42","150.59"
"15/04/2025","14/05/2025","Chwele","175.78","166.36","150.53"
"15/04/2025","14/05/2025","Kimilili","175.7","166.28","150.45"
"15/04/2025","14/05/2025","Nambale","175.6","166.18","150.35"
"15/04/2025","14/05/2025","SioPort","175.59","166.16","150.34"
"15/04/2025","14/05/2025","Port Bunyala","175.65","166.22","150.4"
"15/04/2025","14/05/2025","Funyula","175.45","166.02","150.2"
"15/04/2025","14/05/2025","Ogembo","175.78","166.36","150.53"
"15/04/2025","14/05/2025","Nyangusu","176.06","166.64","150.81"
"15/04/2025","14/05/2025","Sengera","175.98","166.55","150.73"
"15/04/2025","14/05/2025","Keumbu","175.68","166.26","150.44"
"15/04/2025","14/05/2025","Marani","175.37","165.94","150.12"
"15/04/2025","14/05/2025","Kerina","175.75","166.33","150.51"
"15/04/2025","14/05/2025","Ikonge","175.06","165.64","149.81"
"15/04/2025","14/05/2025","Nyansiongo","175.49","166.07","150.24"
"15/03/2025","14/04/2025","Chuka","178.33","168.81","153.14"
"15/03/2025","14/04/2025","Kitui","178.22","168.71","153.03"
"15/03/2025","14/04/2025","Mwingi","178.63","169.13","153.45"
"15/03/2025","14/04/2025","Nanyuki","178.65","169.14","153.46"
"15/03/2025","14/04/2025","Nkubu","179.68","170.18","154.5"
"15/03/2025","14/04/2025","Mtito Andei","179.19","169.68","154"
"15/03/2025","14/04/2025","Meru","179.89","170.39","154.71"
"15/03/2025","14/04/2025","Isiolo","179.74","170.24","154.56"
"15/03/2025","14/04/2025","Maua","180.38","170.88","155.2"
"15/03/2025","14/04/2025","Garissa","181.05","171.54","155.87"
"15/03/2025","14/04/2025","Marsabit","185.01","175.49","159.82"
"15/03/2025","14/04/2025","Liboi","184.02","174.51","158.84"
"15/03/2025","14/04/2025","Moyale","186.7","177.2","161.52"
"15/03/2025","14/04/2025","Sololo","185.69","176.18","160.5"
"15/03/2025","14/04/2025","Habaswein","183.94","174.43","158.76"
"15/03/2025","14/04/2025","Dadaab","182.54","173.02","157.35"
"15/03/2025","14/04/2025","Tarbaj","186.35","176.85","161.17"
"15/03/2025","14/04/2025","Elwak","188.08","178.57","162.89"
"15/03/2025","14/04/2025","Wajir","186.53","177.01","161.33"
"15/03/2025","14/04/2025","Modogashe","184.09","174.58","158.91"
"15/03/2025","14/04/2025","Mandera","190.58","181.07","165.39"
"15/03/2025","14/04/2025","Matuu","177.54","168.02","152.35"
"15/03/2025","14/04/2025","Merti","182.32","172.8","157.12"
"15/03/2025","14/04/2025","Oldonyiro","179.1","169.59","153.92"
"15/03/2025","14/04/2025","Eldas","188.43","178.92","163.24"
"15/03/2025","14/04/2025","Bute","185.24","175.74","160.06"
"15/03/2025","14/04/2025","Hadado","183.73","174.22","158.55"
"15/03/2025","14/04/2025","Mai Mahiu","176.7","167.19","151.52"
"15/03/2025","14/04/2025","Doldo","179.46","169.96","154.28"
"15/03/2025","14/04/2025","Lamuria","178.52","169.01","153.34"
"15/03/2025","14/04/2025","Sipili","179.45","169.94","154.27"
"15/03/2025","14/04/2025","Marimanti","179.05","169.54","153.86"
"15/03/2025","14/04/2025","Mutuobare","178.34","168.83","153.15"
"15/03/2025","14/04/2025","North Horr","186.04","176.53","160.85"
"15/03/2025","14/04/2025","Maikona","184.56","175.04","159.36"
"15/03/2025","14/04/2025","Kalacha","185.14","175.62","159.95"
"15/03/2025","14/04/2025","Loyangalani","185.21","175.69","160.02"
"15/03/2025","14/04/2025","Turbi","185","175.48","159.81"
"15/03/2025","14/04/2025","Laisamis","181.99","172.49","156.81"
"15/03/2025","14/04/2025","Merille","181.68","172.16","156.48"
"15/03/2025","14/04/2025","Korr","183.01","173.5","157.82"
"15/03/2025","14/04/2025","Nakuru","175.8","166.63","151.01"
"15/03/2025","14/04/2025","Gilgil","175.76","166.59","150.96"
"15/03/2025","14/04/2025","Mogotio","175.75","166.57","150.95"
"15/03/2025","14/04/2025","Molo","175.84","166.67","151.04"
"15/03/2025","14/04/2025","Olenguruone","176.6","167.42","151.8"
"15/03/2025","14/04/2025","Londiani","176.08","166.91","151.29"
"15/03/2025","14/04/2025","Nyahururu","176.07","166.9","151.26"
"15/03/2025","14/04/2025","Archers Post","179.28","170.1","154.48"
"15/03/2025","14/04/2025","Lodosoit","180.46","171.28","155.66"
"15/03/2025","14/04/2025","Naivasha","176.15","166.98","151.36"
"15/03/2025","14/04/2025","Marigat","176.59","167.41","151.79"
"15/03/2025","14/04/2025","Kabarnet","177.11","167.94","152.31"
"15/03/2025","14/04/2025","Maralal","178.28","169.1","153.48"
"15/03/2025","14/04/2025","Wamba","179.17","170.01","154.38"
"15/03/2025","14/04/2025","Rumuruti","176.66","167.48","151.86"
"15/03/2025","14/04/2025","Eldoret","176.62","167.45","151.82"
"15/03/2025","14/04/2025","Kiplombe","176.62","167.45","151.82"
"15/03/2025","14/04/2025","Iten","176.62","167.45","151.82"
"15/03/2025","14/04/2025","Naiberi","176.62","167.45","151.82"
"15/03/2025","14/04/2025","Kesses","176.62","167.45","151.82"
"15/03/2025","14/04/2025","Kapsabet","176.63","167.47","151.84"
"15/03/2025","14/04/2025","Webuye","177.09","167.91","152.28"
"15/03/2025","14/04/2025","Kitale","177.02","167.84","152.22"
"15/03/2025","14/04/2025","Kapenguria","177.69","168.52","152.9"
"15/03/2025","14/04/2025","Bungoma","177.45","168.27","152.64"
"15/03/2025","14/04/2025","Moiben","176.63","167.47","151.84"
"15/03/2025","14/04/2025","Matunda","176.61","167.44","151.81"
"15/03/2025","14/04/2025","Burnt Forest","176.56","167.4","151.77"
"15/03/2025","14/04/2025","Tambach","176.67","167.49","151.87"
"15/03/2025","14/04/2025","Kapsowar","177.17","167.99","152.37"
"15/03/2025","14/04/2025","Chebara","177.04","167.87","152.24"
"15/03/2025","14/04/2025","Kimwarer","176.96","167.79","152.16"
"15/03/2025","14/04/2025","Timboroa","176.88","167.7","152.08"
"15/03/2025","14/04/2025","Nandi Hills","176.83","167.66","152.03"
"15/03/2025","14/04/2025","Kaiboi","176.68","167.51","151.88"
"15/03/2025","14/04/2025","Kiminini","177.21","168.04","152.41"
"15/03/2025","14/04/2025","Endebes","177.58","168.41","152.78"
"15/03/2025","14/04/2025","Saboti","177.24","168.06","152.44"
"15/03/2025","14/04/2025","Chepareria","177.92","168.74","153.12"
"15/03/2025","14/04/2025","Lomut","179.65","170.48","154.86"
"15/03/2025","14/04/2025","Burgich","178.36","169.18","153.56"
"15/03/2025","14/04/2025","Sigor","178.5","169.32","153.7"
"15/03/2025","14/04/2025","Lodwar","181.11","171.94","156.31"
"15/03/2025","14/04/2025","Kakuma","182.82","173.65","158.03"
"15/03/2025","14/04/2025","Lokichar","180.04","170.87","155.24"
"15/03/2025","14/04/2025","Kalokol","181.93","172.76","157.13"
"15/03/2025","14/04/2025","Lokori","180.43","171.26","155.64"
"15/03/2025","14/04/2025","Lokitaung","185.03","175.85","160.23"
"15/03/2025","14/04/2025","Kapedo","179.65","170.48","154.86"
"15/03/2025","14/04/2025","Malaba","177.87","168.71","153.07"
"15/03/2025","14/04/2025","Lokichogio","184.1","174.93","159.3"
"15/03/2025","14/04/2025","Ziwa","176.83","167.66","152.03"
"15/03/2025","14/04/2025","Soy","176.62","167.45","151.82"
"15/03/2025","14/04/2025","Moi's Bridge","176.69","167.52","151.89"
"15/03/2025","14/04/2025","Turbo","176.56","167.4","151.77"
"15/03/2025","14/04/2025","Kibish","185.28","176.11","160.49"
"15/03/2025","14/04/2025","Nakalale","184.01","174.84","159.22"
"15/03/2025","14/04/2025","Loima","180.17","170.99","155.37"
"15/03/2025","14/04/2025","Lokiriama","181.85","172.68","157.05"
"15/03/2025","14/04/2025","Kainuk","178.85","169.67","154.05"
"15/03/2025","14/04/2025","Kacheliba","178.13","168.95","153.33"
"15/03/2025","14/04/2025","Kiwawa","178.78","169.6","153.98"
"15/03/2025","14/04/2025","Ortum","178.34","169.16","153.54"
"15/03/2025","14/04/2025","Kachibora","177.04","167.87","152.24"
"15/03/2025","14/04/2025","Kwanza","177.8","168.64","153"
"15/03/2025","14/04/2025","Kaplamai","177.07","167.9","152.27"
"15/03/2025","14/04/2025","Eldama Ravine","177.51","168.34","152.71"
"15/03/2025","14/04/2025","Tenges","177.67","168.5","152.87"
"15/03/2025","14/04/2025","Barwessa","177.79","168.62","152.99"
"15/03/2025","14/04/2025","Kipsaraman","178.77","169.59","153.97"
"15/03/2025","14/04/2025","Loruk","178.63","169.45","153.83"
"15/03/2025","14/04/2025","Kabartonjo","177.51","168.34","152.71"
"15/03/2025","14/04/2025","Tindiret","177.58","168.41","152.78"
"15/03/2025","14/04/2025","O'lessos","176.69","167.52","151.89"
"15/03/2025","14/04/2025","Kobujoi","177.12","167.95","152.33"
"15/03/2025","14/04/2025","Serem","177.21","168.04","152.41"
"15/03/2025","14/04/2025","Kabiyet","176.62","167.45","151.82"
"15/03/2025","14/04/2025","Cheptulu","177.09","167.91","152.28"
"15/03/2025","14/04/2025","Songor","177.67","168.5","152.87"
"15/03/2025","14/04/2025","Kapcherop","177.28","168.1","152.48"
"15/03/2025","14/04/2025","Sambalat","178.01","168.85","153.21"
"15/03/2025","14/04/2025","Arror","177.64","168.46","152.84"
"15/03/2025","14/04/2025","Tot","177.86","168.69","153.06"
"15/03/2025","14/04/2025","Kaptarakwa","176.83","167.66","152.03"
"15/03/2025","14/04/2025","Kapese","180","170.83","155.2"
"15/03/2025","14/04/2025","Kalemngorok","179.35","170.17","154.55"
"15/03/2025","14/04/2025","Marich","178.25","169.08","153.46"
"15/03/2025","14/04/2025","Alale","178.78","169.6","153.98"
"15/03/2025","14/04/2025","Kunyao","178.42","169.24","153.62"
"15/03/2025","14/04/2025","Asilong","177.97","168.8","153.18"
"15/03/2025","14/04/2025","Orolwo","178.01","168.85","153.21"
"15/03/2025","14/04/2025","Sebit","177.96","168.79","153.16"
"15/03/2025","14/04/2025","Morpus","177.86","168.69","153.06"
"15/03/2025","14/04/2025","Chepkorniswo","177.74","168.57","152.93"
"15/03/2025","14/04/2025","Kaibichbich","177.68","168.51","152.89"
"15/03/2025","14/04/2025","Keringet","177.39","168.22","152.59"
"15/03/2025","14/04/2025","Kisumu","176.62","167.44","151.82"
"15/03/2025","14/04/2025","Sondu","176.73","167.56","151.93"
"15/03/2025","14/04/2025","Oyugis","177.25","168.07","152.45"
"15/03/2025","14/04/2025","Kakamega","176.67","167.5","151.88"
"15/03/2025","14/04/2025","Mumias","176.97","167.79","152.17"
"15/03/2025","14/04/2025","Bondo","176.84","167.68","152.04"
"15/03/2025","14/04/2025","Siaya","176.98","167.8","152.18"
"15/03/2025","14/04/2025","Kericho","177.17","167.99","152.37"
"15/03/2025","14/04/2025","Nyamira","177.24","168.06","152.44"
"15/03/2025","14/04/2025","Kisii","177.56","168.39","152.77"
"15/03/2025","14/04/2025","Sotik","177.38","168.21","152.59"
"15/03/2025","14/04/2025","Keroka","177.57","168.41","152.78"
"15/03/2025","14/04/2025","Busia","177.55","168.38","152.75"
"15/03/2025","14/04/2025","Homabay","177.49","168.32","152.7"
"15/03/2025","14/04/2025","Migori","178.41","169.24","153.62"
"15/03/2025","14/04/2025","Isebania","178.72","169.54","153.92"
"15/03/2025","14/04/2025","Bomet","177.82","168.64","153.02"
"15/03/2025","14/04/2025","Muhoroni","176.87","167.69","152.06"
"15/03/2025","14/04/2025","Mbita","177.48","168.31","152.68"
"15/03/2025","14/04/2025","Mbale","176.62","167.44","151.82"
"15/03/2025","14/04/2025","Etago","178.18","169","153.38"
"15/03/2025","14/04/2025","Magenche","178.29","169.11","153.49"
"15/03/2025","14/04/2025","Kilgoris","178.11","168.94","153.31"
"15/03/2025","14/04/2025","Malava","177.01","167.84","152.21"
"15/03/2025","14/04/2025","Lugari","177.42","168.26","152.63"
"15/03/2025","14/04/2025","Rodi Kopany","177.56","168.39","152.77"
"15/03/2025","14/04/2025","Ndhiwa","177.85","168.68","153.06"
"15/03/2025","14/04/2025","Rangwe","177.55","168.38","152.75"
"15/03/2025","14/04/2025","Sindo","177.56","168.39","152.77"
"15/03/2025","14/04/2025","Awasi","176.58","167.41","151.79"
"15/03/2025","14/04/2025","Ahero","176.62","167.44","151.82"
"15/03/2025","14/04/2025","Ugunja","177.07","167.91","152.28"
"15/03/2025","14/04/2025","Asembo","176.7","167.54","151.9"
"15/03/2025","14/04/2025","Usenge","177.21","168.05","152.42"
"15/03/2025","14/04/2025","Harambee","176.66","167.49","151.87"
"15/03/2025","14/04/2025","Muhuru Bay","178.57","169.39","153.77"
"15/03/2025","14/04/2025","Kehancha","178.81","169.65","154.01"
"15/03/2025","14/04/2025","Ntimaru","179.15","169.97","154.35"
"15/03/2025","14/04/2025","Rongo","177.83","168.66","153.03"
"15/03/2025","14/04/2025","Kaspokwony","177.78","168.62","152.99"
"15/03/2025","14/04/2025","Chwele","177.73","168.56","152.93"
"15/03/2025","14/04/2025","Kimilili","177.64","168.48","152.85"
"15/03/2025","14/04/2025","Nambale","177.55","168.38","152.75"
"15/03/2025","14/04/2025","SioPort","177.54","168.36","152.74"
"15/03/2025","14/04/2025","Port Bunyala","177.6","168.42","152.8"
"15/03/2025","14/04/2025","Funyula","177.4","168.22","152.6"
"15/03/2025","14/04/2025","Ogembo","177.73","168.56","152.93"
"15/03/2025","14/04/2025","Nyangusu","178.01","168.84","153.21"
"15/03/2025","14/04/2025","Sengera","177.92","168.75","153.13"
"15/03/2025","14/04/2025","Keumbu","177.63","168.46","152.84"
"15/03/2025","14/04/2025","Marani","177.32","168.14","152.52"
"15/03/2025","14/04/2025","Kerina","177.7","168.53","152.91"
"15/03/2025","14/04/2025","Ikonge","177.01","167.84","152.21"
"15/03/2025","14/04/2025","Nyansiongo","177.44","168.27","152.64"
"15/03/2025","14/04/2025","Mombasa","173.34","163.82","148.15"
"15/03/2025","14/04/2025","Kilifi","174.1","164.59","148.92"
"15/03/2025","14/04/2025","Likoni Mainland","173.72","164.21","148.54"
"15/03/2025","14/04/2025","Kwale","173.72","164.21","148.54"
"15/03/2025","14/04/2025","Malindi","174.32","164.81","149.14"
"15/03/2025","14/04/2025","Lungalunga","174.49","164.97","149.3"
"15/03/2025","14/04/2025","Voi","174.93","165.41","149.73"
"15/03/2025","14/04/2025","Taveta","176.44","166.92","151.25"
"15/03/2025","14/04/2025","Lamu","176.88","167.37","151.69"
"15/03/2025","14/04/2025","Hola","177.19","167.68","152"
"15/03/2025","14/04/2025","Mpeketoni","176.88","167.37","151.69"
"15/03/2025","14/04/2025","Minjila","175.77","166.26","150.58"
"15/03/2025","14/04/2025","Garsen","175.87","166.35","150.68"
"15/03/2025","14/04/2025","Samburu","173.66","164.15","148.47"
"15/03/2025","14/04/2025","Taru","173.85","164.35","148.67"
"15/03/2025","14/04/2025","Mwatate","175.29","165.77","150.09"
"15/03/2025","14/04/2025","Wundanji","175.46","165.96","150.28"
"15/03/2025","14/04/2025","Kaloleni","173.5","164","148.32"
"15/03/2025","14/04/2025","Marereni","175.03","165.52","149.85"
"15/03/2025","14/04/2025","Nairobi","176.58","167.06","151.39"
"15/03/2025","14/04/2025","Thika","176.58","167.07","151.39"
"15/03/2025","14/04/2025","Machakos","176.83","167.32","151.64"
"15/03/2025","14/04/2025","Kajiado","177.03","167.51","151.83"
"15/03/2025","14/04/2025","Makuyu","176.89","167.37","151.69"
"15/03/2025","14/04/2025","Muranga","177.13","167.62","151.95"
"15/03/2025","14/04/2025","Sagana","177.36","167.86","152.18"
"15/03/2025","14/04/2025","Embu","177.76","168.24","152.57"
"15/03/2025","14/04/2025","Kerugoya","177.68","168.16","152.49"
"15/03/2025","14/04/2025","Narok","178.06","168.56","152.88"
"15/03/2025","14/04/2025","Nyeri","178.05","168.53","152.86"
"15/03/2025","14/04/2025","Namanga","178.23","168.72","153.04"
"15/03/2025","14/04/2025","Kiganjo","178.01","168.5","152.82"
"15/02/2025","14/03/2025","North Horr","186.04","176.53","160.85"
"15/02/2025","14/03/2025","Maikona","184.56","175.04","159.36"
"15/02/2025","14/03/2025","Kalacha","185.14","175.62","159.95"
"15/02/2025","14/03/2025","Loyangalani","185.21","175.69","160.02"
"15/02/2025","14/03/2025","Turbi","185","175.48","159.81"
"15/02/2025","14/03/2025","Laisamis","181.99","172.49","156.81"
"15/02/2025","14/03/2025","Merille","181.68","172.16","156.48"
"15/02/2025","14/03/2025","Korr","183.01","173.5","157.82"
"15/02/2025","14/03/2025","Nakuru","175.8","166.63","151.01"
"15/02/2025","14/03/2025","Gilgil","175.76","166.59","150.96"
"15/02/2025","14/03/2025","Mogotio","175.75","166.57","150.95"
"15/02/2025","14/03/2025","Molo","175.84","166.67","151.04"
"15/02/2025","14/03/2025","Olenguruone","176.6","167.42","151.8"
"15/02/2025","14/03/2025","Londiani","176.08","166.91","151.29"
"15/02/2025","14/03/2025","Nyahururu","176.07","166.9","151.26"
"15/02/2025","14/03/2025","Archers Post","179.28","170.1","154.48"
"15/02/2025","14/03/2025","Lodosoit","180.46","171.28","155.66"
"15/02/2025","14/03/2025","Naivasha","176.15","166.98","151.36"
"15/02/2025","14/03/2025","Marigat","176.59","167.41","151.79"
"15/02/2025","14/03/2025","Kabarnet","177.11","167.94","152.31"
"15/02/2025","14/03/2025","Maralal","178.28","169.1","153.48"
"15/02/2025","14/03/2025","Wamba","179.17","170.01","154.38"
"15/02/2025","14/03/2025","Rumuruti","176.66","167.48","151.86"
"15/02/2025","14/03/2025","Eldoret","176.62","167.45","151.82"
"15/02/2025","14/03/2025","Kiplombe","176.62","167.45","151.82"
"15/02/2025","14/03/2025","Iten","176.62","167.45","151.82"
"15/02/2025","14/03/2025","Naiberi","176.62","167.45","151.82"
"15/02/2025","14/03/2025","Kesses","176.62","167.45","151.82"
"15/02/2025","14/03/2025","Kapsabet","176.63","167.47","151.84"
"15/02/2025","14/03/2025","Webuye","177.09","167.91","152.28"
"15/02/2025","14/03/2025","Kitale","177.02","167.84","152.22"
"15/02/2025","14/03/2025","Kapenguria","177.69","168.52","152.9"
"15/02/2025","14/03/2025","Bungoma","177.45","168.27","152.64"
"15/02/2025","14/03/2025","Moiben","176.63","167.47","151.84"
"15/02/2025","14/03/2025","Matunda","176.61","167.44","151.81"
"15/02/2025","14/03/2025","Burnt Forest","176.56","167.4","151.77"
"15/02/2025","14/03/2025","Tambach","176.67","167.49","151.87"
"15/02/2025","14/03/2025","Kapsowar","177.17","167.99","152.37"
"15/02/2025","14/03/2025","Chebara","177.04","167.87","152.24"
"15/02/2025","14/03/2025","Kimwarer","176.96","167.79","152.16"
"15/02/2025","14/03/2025","Timboroa","176.88","167.7","152.08"
"15/02/2025","14/03/2025","Nandi Hills","176.83","167.66","152.03"
"15/02/2025","14/03/2025","Kaiboi","176.68","167.51","151.88"
"15/02/2025","14/03/2025","Kiminini","177.21","168.04","152.41"
"15/02/2025","14/03/2025","Endebes","177.58","168.41","152.78"
"15/02/2025","14/03/2025","Saboti","177.24","168.06","152.44"
"15/02/2025","14/03/2025","Chepareria","177.92","168.74","153.12"
"15/02/2025","14/03/2025","Lomut","179.65","170.48","154.86"
"15/02/2025","14/03/2025","Burgich","178.36","169.18","153.56"
"15/02/2025","14/03/2025","Sigor","178.5","169.32","153.7"
"15/02/2025","14/03/2025","Lodwar","181.11","171.94","156.31"
"15/02/2025","14/03/2025","Kakuma","182.82","173.65","158.03"
"15/02/2025","14/03/2025","Lokichar","180.04","170.87","155.24"
"15/02/2025","14/03/2025","Kalokol","181.93","172.76","157.13"
"15/02/2025","14/03/2025","Lokori","180.43","171.26","155.64"
"15/02/2025","14/03/2025","Lokitaung","185.03","175.85","160.23"
"15/02/2025","14/03/2025","Kapedo","179.65","170.48","154.86"
"15/02/2025","14/03/2025","Malaba","177.87","168.71","153.07"
"15/02/2025","14/03/2025","Lokichogio","184.1","174.93","159.3"
"15/02/2025","14/03/2025","Ziwa","176.83","167.66","152.03"
"15/02/2025","14/03/2025","Soy","176.62","167.45","151.82"
"15/02/2025","14/03/2025","Moi's Bridge","176.69","167.52","151.89"
"15/02/2025","14/03/2025","Turbo","176.56","167.4","151.77"
"15/02/2025","14/03/2025","Kibish","185.28","176.11","160.49"
"15/02/2025","14/03/2025","Nakalale","184.01","174.84","159.22"
"15/02/2025","14/03/2025","Loima","180.17","170.99","155.37"
"15/02/2025","14/03/2025","Lokiriama","181.85","172.68","157.05"
"15/02/2025","14/03/2025","Kainuk","178.85","169.67","154.05"
"15/02/2025","14/03/2025","Kacheliba","178.13","168.95","153.33"
"15/02/2025","14/03/2025","Kiwawa","178.78","169.6","153.98"
"15/02/2025","14/03/2025","Ortum","178.34","169.16","153.54"
"15/02/2025","14/03/2025","Kachibora","177.04","167.87","152.24"
"15/02/2025","14/03/2025","Kwanza","177.8","168.64","153"
"15/02/2025","14/03/2025","Kaplamai","177.07","167.9","152.27"
"15/02/2025","14/03/2025","Eldama Ravine","177.51","168.34","152.71"
"15/02/2025","14/03/2025","Tenges","177.67","168.5","152.87"
"15/02/2025","14/03/2025","Barwessa","177.79","168.62","152.99"
"15/02/2025","14/03/2025","Kipsaraman","178.77","169.59","153.97"
"15/02/2025","14/03/2025","Loruk","178.63","169.45","153.83"
"15/02/2025","14/03/2025","Kabartonjo","177.51","168.34","152.71"
"15/02/2025","14/03/2025","Tindiret","177.58","168.41","152.78"
"15/02/2025","14/03/2025","O'lessos","176.69","167.52","151.89"
"15/02/2025","14/03/2025","Kobujoi","177.12","167.95","152.33"
"15/02/2025","14/03/2025","Serem","177.21","168.04","152.41"
"15/02/2025","14/03/2025","Kabiyet","176.62","167.45","151.82"
"15/02/2025","14/03/2025","Cheptulu","177.09","167.91","152.28"
"15/02/2025","14/03/2025","Songor","177.67","168.5","152.87"
"15/02/2025","14/03/2025","Kapcherop","177.28","168.1","152.48"
"15/02/2025","14/03/2025","Sambalat","178.01","168.85","153.21"
"15/02/2025","14/03/2025","Arror","177.64","168.46","152.84"
"15/02/2025","14/03/2025","Tot","177.86","168.69","153.06"
"15/02/2025","14/03/2025","Kaptarakwa","176.83","167.66","152.03"
"15/02/2025","14/03/2025","Kapese","180","170.83","155.2"
"15/02/2025","14/03/2025","Kalemngorok","179.35","170.17","154.55"
"15/02/2025","14/03/2025","Marich","178.25","169.08","153.46"
"15/02/2025","14/03/2025","Alale","178.78","169.6","153.98"
"15/02/2025","14/03/2025","Kunyao","178.42","169.24","153.62"
"15/02/2025","14/03/2025","Asilong","177.97","168.8","153.18"
"15/02/2025","14/03/2025","Orolwo","178.01","168.85","153.21"
"15/02/2025","14/03/2025","Sebit","177.96","168.79","153.16"
"15/02/2025","14/03/2025","Morpus","177.86","168.69","153.06"
"15/02/2025","14/03/2025","Chepkorniswo","177.74","168.57","152.93"
"15/02/2025","14/03/2025","Kaibichbich","177.68","168.51","152.89"
"15/02/2025","14/03/2025","Keringet","177.39","168.22","152.59"
"15/02/2025","14/03/2025","Kisumu","176.62","167.44","151.82"
"15/02/2025","14/03/2025","Sondu","176.73","167.56","151.93"
"15/02/2025","14/03/2025","Oyugis","177.25","168.07","152.45"
"15/02/2025","14/03/2025","Kakamega","176.67","167.5","151.88"
"15/02/2025","14/03/2025","Mumias","176.97","167.79","152.17"
"15/02/2025","14/03/2025","Bondo","176.84","167.68","152.04"
"15/02/2025","14/03/2025","Siaya","176.98","167.8","152.18"
"15/02/2025","14/03/2025","Kericho","177.17","167.99","152.37"
"15/02/2025","14/03/2025","Nyamira","177.24","168.06","152.44"
"15/02/2025","14/03/2025","Kisii","177.56","168.39","152.77"
"15/02/2025","14/03/2025","Sotik","177.38","168.21","152.59"
"15/02/2025","14/03/2025","Keroka","177.57","168.41","152.78"
"15/02/2025","14/03/2025","Busia","177.55","168.38","152.75"
"15/02/2025","14/03/2025","Homabay","177.49","168.32","152.7"
"15/02/2025","14/03/2025","Migori","178.41","169.24","153.62"
"15/02/2025","14/03/2025","Isebania","178.72","169.54","153.92"
"15/02/2025","14/03/2025","Bomet","177.82","168.64","153.02"
"15/02/2025","14/03/2025","Muhoroni","176.87","167.69","152.06"
"15/02/2025","14/03/2025","Mbita","177.48","168.31","152.68"
"15/02/2025","14/03/2025","Mbale","176.62","167.44","151.82"
"15/02/2025","14/03/2025","Etago","178.18","169","153.38"
"15/02/2025","14/03/2025","Magenche","178.29","169.11","153.49"
"15/02/2025","14/03/2025","Kilgoris","178.11","168.94","153.31"
"15/02/2025","14/03/2025","Malava","177.01","167.84","152.21"
"15/02/2025","14/03/2025","Lugari","177.42","168.26","152.63"
"15/02/2025","14/03/2025","Rodi Kopany","177.56","168.39","152.77"
"15/02/2025","14/03/2025","Ndhiwa","177.85","168.68","153.06"
"15/02/2025","14/03/2025","Rangwe","177.55","168.38","152.75"
"15/02/2025","14/03/2025","Sindo","177.56","168.39","152.77"
"15/02/2025","14/03/2025","Awasi","176.58","167.41","151.79"
"15/02/2025","14/03/2025","Ahero","176.62","167.44","151.82"
"15/02/2025","14/03/2025","Ugunja","177.07","167.91","152.28"
"15/02/2025","14/03/2025","Asembo","176.7","167.54","151.9"
"15/02/2025","14/03/2025","Usenge","177.21","168.05","152.42"
"15/02/2025","14/03/2025","Harambee","176.66","167.49","151.87"
"15/02/2025","14/03/2025","Muhuru Bay","178.57","169.39","153.77"
"15/02/2025","14/03/2025","Kehancha","178.81","169.65","154.01"
"15/02/2025","14/03/2025","Ntimaru","179.15","169.97","154.35"
"15/02/2025","14/03/2025","Rongo","177.83","168.66","153.03"
"15/02/2025","14/03/2025","Kaspokwony","177.78","168.62","152.99"
"15/02/2025","14/03/2025","Chwele","177.73","168.56","152.93"
"15/02/2025","14/03/2025","Kimilili","177.64","168.48","152.85"
"15/02/2025","14/03/2025","Nambale","177.55","168.38","152.75"
"15/02/2025","14/03/2025","SioPort","177.54","168.36","152.74"
"15/02/2025","14/03/2025","Port Bunyala","177.6","168.42","152.8"
"15/02/2025","14/03/2025","Funyula","177.4","168.22","152.6"
"15/02/2025","14/03/2025","Ogembo","177.73","168.56","152.93"
"15/02/2025","14/03/2025","Nyangusu","178.01","168.84","153.21"
"15/02/2025","14/03/2025","Sengera","177.92","168.75","153.13"
"15/02/2025","14/03/2025","Keumbu","177.63","168.46","152.84"
"15/02/2025","14/03/2025","Marani","177.32","168.14","152.52"
"15/02/2025","14/03/2025","Kerina","177.7","168.53","152.91"
"15/02/2025","14/03/2025","Ikonge","177.01","167.84","152.21"
"15/02/2025","14/03/2025","Nyansiongo","177.44","168.27","152.64"
"15/02/2025","14/03/2025","Mombasa","173.34","163.82","148.15"
"15/02/2025","14/03/2025","Kilifi","174.1","164.59","148.92"
"15/02/2025","14/03/2025","Likoni Mainland","173.72","164.21","148.54"
"15/02/2025","14/03/2025","Kwale","173.72","164.21","148.54"
"15/02/2025","14/03/2025","Malindi","174.32","164.81","149.14"
"15/02/2025","14/03/2025","Lungalunga","174.49","164.97","149.3"
"15/02/2025","14/03/2025","Voi","174.93","165.41","149.73"
"15/02/2025","14/03/2025","Taveta","176.44","166.92","151.25"
"15/02/2025","14/03/2025","Lamu","176.88","167.37","151.69"
"15/02/2025","14/03/2025","Hola","177.19","167.68","152"
"15/02/2025","14/03/2025","Mpeketoni","176.88","167.37","151.69"
"15/02/2025","14/03/2025","Minjila","175.77","166.26","150.58"
"15/02/2025","14/03/2025","Garsen","175.87","166.35","150.68"
"15/02/2025","14/03/2025","Samburu","173.66","164.15","148.47"
"15/02/2025","14/03/2025","Taru","173.85","164.35","148.67"
"15/02/2025","14/03/2025","Mwatate","175.29","165.77","150.09"
"15/02/2025","14/03/2025","Wundanji","175.46","165.96","150.28"
"15/02/2025","14/03/2025","Kaloleni","173.5","164","148.32"
"15/02/2025","14/03/2025","Marereni","175.03","165.52","149.85"
"15/02/2025","14/03/2025","Nairobi","176.58","167.06","151.39"
"15/02/2025","14/03/2025","Thika","176.58","167.07","151.39"
"15/02/2025","14/03/2025","Machakos","176.83","167.32","151.64"
"15/02/2025","14/03/2025","Kajiado","177.03","167.51","151.83"
"15/02/2025","14/03/2025","Makuyu","176.89","167.37","151.69"
"15/02/2025","14/03/2025","Muranga","177.13","167.62","151.95"
"15/02/2025","14/03/2025","Sagana","177.36","167.86","152.18"
"15/02/2025","14/03/2025","Embu","177.76","168.24","152.57"
"15/02/2025","14/03/2025","Kerugoya","177.68","168.16","152.49"
"15/02/2025","14/03/2025","Narok","178.06","168.56","152.88"
"15/02/2025","14/03/2025","Nyeri","178.05","168.53","152.86"
"15/02/2025","14/03/2025","Namanga","178.23","168.72","153.04"
"15/02/2025","14/03/2025","Kiganjo","178.01","168.5","152.82"
"15/02/2025","14/03/2025","Chuka","178.33","168.81","153.14"
"15/02/2025","14/03/2025","Kitui","178.22","168.71","153.03"
"15/02/2025","14/03/2025","Mwingi","178.63","169.13","153.45"
"15/02/2025","14/03/2025","Nanyuki","178.65","169.14","153.46"
"15/02/2025","14/03/2025","Nkubu","179.68","170.18","154.5"
"15/02/2025","14/03/2025","Mtito Andei","179.19","169.68","154"
"15/02/2025","14/03/2025","Meru","179.89","170.39","154.71"
"15/02/2025","14/03/2025","Isiolo","179.74","170.24","154.56"
"15/02/2025","14/03/2025","Maua","180.38","170.88","155.2"
"15/02/2025","14/03/2025","Garissa","181.05","171.54","155.87"
"15/02/2025","14/03/2025","Marsabit","185.01","175.49","159.82"
"15/02/2025","14/03/2025","Liboi","184.02","174.51","158.84"
"15/02/2025","14/03/2025","Moyale","186.7","177.2","161.52"
"15/02/2025","14/03/2025","Sololo","185.69","176.18","160.5"
"15/02/2025","14/03/2025","Habaswein","183.94","174.43","158.76"
"15/02/2025","14/03/2025","Dadaab","182.54","173.02","157.35"
"15/02/2025","14/03/2025","Tarbaj","186.35","176.85","161.17"
"15/02/2025","14/03/2025","Elwak","188.08","178.57","162.89"
"15/02/2025","14/03/2025","Wajir","186.53","177.01","161.33"
"15/02/2025","14/03/2025","Modogashe","184.09","174.58","158.91"
"15/02/2025","14/03/2025","Mandera","190.58","181.07","165.39"
"15/02/2025","14/03/2025","Matuu","177.54","168.02","152.35"
"15/02/2025","14/03/2025","Merti","182.32","172.8","157.12"
"15/02/2025","14/03/2025","Oldonyiro","179.1","169.59","153.92"
"15/02/2025","14/03/2025","Eldas","188.43","178.92","163.24"
"15/02/2025","14/03/2025","Bute","185.24","175.74","160.06"
"15/02/2025","14/03/2025","Hadado","183.73","174.22","158.55"
"15/02/2025","14/03/2025","Mai Mahiu","176.7","167.19","151.52"
"15/02/2025","14/03/2025","Doldo","179.46","169.96","154.28"
"15/02/2025","14/03/2025","Lamuria","178.52","169.01","153.34"
"15/02/2025","14/03/2025","Sipili","179.45","169.94","154.27"
"15/02/2025","14/03/2025","Marimanti","179.05","169.54","153.86"
"15/02/2025","14/03/2025","Mutuobare","178.34","168.83","153.15"
"15/01/2025","14/02/2025","Moiben","176.64","167.47","151.84"
"15/01/2025","14/02/2025","Matunda","176.61","167.44","151.81"
"15/01/2025","14/02/2025","Burnt Forest","176.57","167.4","151.77"
"15/01/2025","14/02/2025","Tambach","176.67","167.49","151.87"
"15/01/2025","14/02/2025","Kapsowar","177.17","167.99","152.37"
"15/01/2025","14/02/2025","Chebara","177.04","167.87","152.24"
"15/01/2025","14/02/2025","Kimwarer","176.96","167.79","152.16"
"15/01/2025","14/02/2025","Timboroa","176.88","167.7","152.08"
"15/01/2025","14/02/2025","Nandi Hills","176.83","167.66","152.03"
"15/01/2025","14/02/2025","Kaiboi","176.68","167.51","151.88"
"15/01/2025","14/02/2025","Kiminini","177.21","168.04","152.41"
"15/01/2025","14/02/2025","Endebes","177.58","168.41","152.78"
"15/01/2025","14/02/2025","Saboti","177.24","168.06","152.44"
"15/01/2025","14/02/2025","Chepareria","177.92","168.74","153.12"
"15/01/2025","14/02/2025","Lomut","179.65","170.48","154.86"
"15/01/2025","14/02/2025","Burgich","178.36","169.18","153.56"
"15/01/2025","14/02/2025","Sigor","178.5","169.32","153.7"
"15/01/2025","14/02/2025","Lodwar","181.11","171.94","156.31"
"15/01/2025","14/02/2025","Kakuma","182.82","173.65","158.03"
"15/01/2025","14/02/2025","Lokichar","180.04","170.87","155.24"
"15/01/2025","14/02/2025","Kalokol","181.93","172.76","157.13"
"15/01/2025","14/02/2025","Lokori","180.43","171.26","155.64"
"15/01/2025","14/02/2025","Lokitaung","185.03","175.85","160.23"
"15/01/2025","14/02/2025","Kapedo","179.65","170.48","154.86"
"15/01/2025","14/02/2025","Malaba","177.87","168.71","153.07"
"15/01/2025","14/02/2025","Lokichogio","184.1","174.93","159.3"
"15/01/2025","14/02/2025","Ziwa","176.83","167.66","152.03"
"15/01/2025","14/02/2025","Soy","176.62","167.45","151.82"
"15/01/2025","14/02/2025","Moi's Bridge","176.69","167.52","151.89"
"15/01/2025","14/02/2025","Turbo","176.57","167.4","151.77"
"15/01/2025","14/02/2025","Kibish","185.28","176.11","160.49"
"15/01/2025","14/02/2025","Nakalale","184.01","174.84","159.22"
"15/01/2025","14/02/2025","Loima","180.17","170.99","155.37"
"15/01/2025","14/02/2025","Lokiriama","181.85","172.68","157.05"
"15/01/2025","14/02/2025","Kainuk","178.85","169.67","154.05"
"15/01/2025","14/02/2025","Kacheliba","178.13","168.95","153.33"
"15/01/2025","14/02/2025","Kiwawa","178.78","169.6","153.98"
"15/01/2025","14/02/2025","Ortum","178.34","169.16","153.54"
"15/01/2025","14/02/2025","Kachibora","177.04","167.87","152.24"
"15/01/2025","14/02/2025","Kwanza","177.81","168.64","153"
"15/01/2025","14/02/2025","Kaplamai","177.07","167.9","152.27"
"15/01/2025","14/02/2025","Eldama Ravine","177.51","168.34","152.71"
"15/01/2025","14/02/2025","Tenges","177.67","168.5","152.87"
"15/01/2025","14/02/2025","Barwessa","177.79","168.62","152.99"
"15/01/2025","14/02/2025","Kipsaraman","178.77","169.59","153.97"
"15/01/2025","14/02/2025","Loruk","178.63","169.45","153.83"
"15/01/2025","14/02/2025","Kabartonjo","177.51","168.34","152.71"
"15/01/2025","14/02/2025","Tindiret","177.58","168.41","152.78"
"15/01/2025","14/02/2025","O'lessos","176.69","167.52","151.89"
"15/01/2025","14/02/2025","Kobujoi","177.12","167.95","152.33"
"15/01/2025","14/02/2025","Serem","177.21","168.04","152.41"
"15/01/2025","14/02/2025","Kabiyet","176.62","167.45","151.82"
"15/01/2025","14/02/2025","Cheptulu","177.09","167.91","152.28"
"15/01/2025","14/02/2025","Songor","177.67","168.5","152.87"
"15/01/2025","14/02/2025","Kapcherop","177.28","168.1","152.48"
"15/01/2025","14/02/2025","Sambalat","178.01","168.85","153.21"
"15/01/2025","14/02/2025","Arror","177.64","168.46","152.84"
"15/01/2025","14/02/2025","Tot","177.86","168.69","153.06"
"15/01/2025","14/02/2025","Kaptarakwa","176.83","167.66","152.03"
"15/01/2025","14/02/2025","Kapese","180","170.83","155.2"
"15/01/2025","14/02/2025","Kalemngorok","179.35","170.17","154.55"
"15/01/2025","14/02/2025","Marich","178.25","169.08","153.46"
"15/01/2025","14/02/2025","Alale","178.78","169.6","153.98"
"15/01/2025","14/02/2025","Kunyao","178.42","169.24","153.62"
"15/01/2025","14/02/2025","Asilong","177.98","168.8","153.18"
"15/01/2025","14/02/2025","Orolwo","178.01","168.85","153.21"
"15/01/2025","14/02/2025","Sebit","177.96","168.79","153.16"
"15/01/2025","14/02/2025","Morpus","177.86","168.69","153.06"
"15/01/2025","14/02/2025","Chepkorniswo","177.74","168.57","152.93"
"15/01/2025","14/02/2025","Kaibichbich","177.68","168.51","152.89"
"15/01/2025","14/02/2025","Keringet","177.39","168.22","152.59"
"15/01/2025","14/02/2025","Kisumu","176.62","167.44","151.82"
"15/01/2025","14/02/2025","Sondu","176.73","167.56","151.93"
"15/01/2025","14/02/2025","Oyugis","177.25","168.07","152.45"
"15/01/2025","14/02/2025","Kakamega","176.67","167.5","151.88"
"15/01/2025","14/02/2025","Mumias","176.97","167.79","152.17"
"15/01/2025","14/02/2025","Bondo","176.84","167.68","152.04"
"15/01/2025","14/02/2025","Siaya","176.98","167.8","152.18"
"15/01/2025","14/02/2025","Kericho","177.17","167.99","152.37"
"15/01/2025","14/02/2025","Nyamira","177.24","168.06","152.44"
"15/01/2025","14/02/2025","Kisii","177.56","168.39","152.77"
"15/01/2025","14/02/2025","Sotik","177.39","168.21","152.59"
"15/01/2025","14/02/2025","Keroka","177.58","168.41","152.78"
"15/01/2025","14/02/2025","Busia","177.55","168.38","152.75"
"15/01/2025","14/02/2025","Homabay","177.49","168.32","152.7"
"15/01/2025","14/02/2025","Migori","178.41","169.24","153.62"
"15/01/2025","14/02/2025","Isebania","178.72","169.54","153.92"
"15/01/2025","14/02/2025","Bomet","177.82","168.64","153.02"
"15/01/2025","14/02/2025","Muhoroni","176.87","167.69","152.06"
"15/01/2025","14/02/2025","Mbita","177.48","168.31","152.68"
"15/01/2025","14/02/2025","Mbale","176.62","167.44","151.82"
"15/01/2025","14/02/2025","Etago","178.18","169","153.38"
"15/01/2025","14/02/2025","Magenche","178.29","169.11","153.49"
"15/01/2025","14/02/2025","Kilgoris","178.11","168.94","153.31"
"15/01/2025","14/02/2025","Malava","177.01","167.84","152.21"
"15/01/2025","14/02/2025","Lugari","177.42","168.26","152.63"
"15/01/2025","14/02/2025","Rodi Kopany","177.56","168.39","152.77"
"15/01/2025","14/02/2025","Ndhiwa","177.86","168.68","153.06"
"15/01/2025","14/02/2025","Rangwe","177.55","168.38","152.75"
"15/01/2025","14/02/2025","Sindo","177.56","168.39","152.77"
"15/01/2025","14/02/2025","Awasi","176.58","167.41","151.79"
"15/01/2025","14/02/2025","Ahero","176.62","167.44","151.82"
"15/01/2025","14/02/2025","Ugunja","177.07","167.91","152.28"
"15/01/2025","14/02/2025","Asembo","176.7","167.54","151.9"
"15/01/2025","14/02/2025","Usenge","177.21","168.05","152.42"
"15/01/2025","14/02/2025","Harambee","176.67","167.49","151.87"
"15/01/2025","14/02/2025","Muhuru Bay","178.57","169.39","153.77"
"15/01/2025","14/02/2025","Kehancha","178.81","169.65","154.01"
"15/01/2025","14/02/2025","Ntimaru","179.15","169.97","154.35"
"15/01/2025","14/02/2025","Rongo","177.83","168.66","153.03"
"15/01/2025","14/02/2025","Kaspokwony","177.79","168.62","152.99"
"15/01/2025","14/02/2025","Chwele","177.73","168.56","152.93"
"15/01/2025","14/02/2025","Kimilili","177.65","168.48","152.85"
"15/01/2025","14/02/2025","Nambale","177.55","168.38","152.75"
"15/01/2025","14/02/2025","SioPort","177.54","168.36","152.74"
"15/01/2025","14/02/2025","Port Bunyala","177.6","168.42","152.8"
"15/01/2025","14/02/2025","Funyula","177.4","168.22","152.6"
"15/01/2025","14/02/2025","Ogembo","177.73","168.56","152.93"
"15/01/2025","14/02/2025","Nyangusu","178.01","168.84","153.21"
"15/01/2025","14/02/2025","Sengera","177.93","168.75","153.13"
"15/01/2025","14/02/2025","Keumbu","177.63","168.46","152.84"
"15/01/2025","14/02/2025","Marani","177.32","168.14","152.52"
"15/01/2025","14/02/2025","Kerina","177.7","168.53","152.91"
"15/01/2025","14/02/2025","Ikonge","177.01","167.84","152.21"
"15/01/2025","14/02/2025","Nyansiongo","177.44","168.27","152.64"
"15/01/2025","14/02/2025","Mombasa","173.34","163.82","148.15"
"15/01/2025","14/02/2025","Kilifi","174.1","164.59","148.92"
"15/01/2025","14/02/2025","Likoni Mainland","173.72","164.21","148.54"
"15/01/2025","14/02/2025","Kwale","173.72","164.21","148.54"
"15/01/2025","14/02/2025","Malindi","174.32","164.81","149.14"
"15/01/2025","14/02/2025","Lungalunga","174.49","164.97","149.3"
"15/01/2025","14/02/2025","Voi","174.92","165.41","149.73"
"15/01/2025","14/02/2025","Taveta","176.44","166.92","151.25"
"15/01/2025","14/02/2025","Lamu","176.88","167.37","151.69"
"15/01/2025","14/02/2025","Hola","177.18","167.68","152"
"15/01/2025","14/02/2025","Mpeketoni","176.88","167.37","151.69"
"15/01/2025","14/02/2025","Minjila","175.76","166.26","150.58"
"15/01/2025","14/02/2025","Garsen","175.87","166.35","150.68"
"15/01/2025","14/02/2025","Samburu","173.65","164.15","148.47"
"15/01/2025","14/02/2025","Taru","173.85","164.35","148.67"
"15/01/2025","14/02/2025","Mwatate","175.28","165.77","150.09"
"15/01/2025","14/02/2025","Wundanji","175.46","165.96","150.28"
"15/01/2025","14/02/2025","Kaloleni","173.5","164","148.32"
"15/01/2025","14/02/2025","Marereni","175.03","165.52","149.85"
"15/01/2025","14/02/2025","Nairobi","176.58","167.06","151.39"
"15/01/2025","14/02/2025","Thika","176.58","167.07","151.39"
"15/01/2025","14/02/2025","Machakos","176.83","167.32","151.64"
"15/01/2025","14/02/2025","Kajiado","177.03","167.51","151.83"
"15/01/2025","14/02/2025","Makuyu","176.89","167.37","151.69"
"15/01/2025","14/02/2025","Muranga","177.13","167.62","151.95"
"15/01/2025","14/02/2025","Sagana","177.38","167.86","152.18"
"15/01/2025","14/02/2025","Embu","177.76","168.24","152.57"
"15/01/2025","14/02/2025","Kerugoya","177.68","168.16","152.49"
"15/01/2025","14/02/2025","Narok","178.07","168.56","152.88"
"15/01/2025","14/02/2025","Nyeri","178.05","168.53","152.86"
"15/01/2025","14/02/2025","Namanga","178.23","168.72","153.04"
"15/01/2025","14/02/2025","Kiganjo","178.01","168.5","152.82"
"15/01/2025","14/02/2025","Chuka","178.33","168.81","153.14"
"15/01/2025","14/02/2025","Kitui","178.22","168.71","153.03"
"15/01/2025","14/02/2025","Mwingi","178.64","169.13","153.45"
"15/01/2025","14/02/2025","Nanyuki","178.65","169.14","153.46"
"15/01/2025","14/02/2025","Nkubu","179.7","170.18","154.5"
"15/01/2025","14/02/2025","Mtito Andei","179.2","169.68","154"
"15/01/2025","14/02/2025","Meru","179.9","170.39","154.71"
"15/01/2025","14/02/2025","Isiolo","179.74","170.24","154.56"
"15/01/2025","14/02/2025","Maua","180.39","170.88","155.2"
"15/01/2025","14/02/2025","Garissa","181.05","171.54","155.87"
"15/01/2025","14/02/2025","Marsabit","185.01","175.49","159.82"
"15/01/2025","14/02/2025","Liboi","184.02","174.51","158.84"
"15/01/2025","14/02/2025","Moyale","186.7","177.2","161.52"
"15/01/2025","14/02/2025","Sololo","185.69","176.18","160.5"
"15/01/2025","14/02/2025","Habaswein","183.94","174.43","158.76"
"15/01/2025","14/02/2025","Dadaab","182.54","173.02","157.35"
"15/01/2025","14/02/2025","Tarbaj","186.35","176.85","161.17"
"15/01/2025","14/02/2025","Elwak","188.08","178.57","162.89"
"15/01/2025","14/02/2025","Wajir","186.53","177.01","161.33"
"15/01/2025","14/02/2025","Modogashe","184.09","174.58","158.91"
"15/01/2025","14/02/2025","Mandera","190.59","181.07","165.39"
"15/01/2025","14/02/2025","Matuu","177.54","168.02","152.35"
"15/01/2025","14/02/2025","Merti","182.32","172.8","157.12"
"15/01/2025","14/02/2025","Oldonyiro","179.1","169.59","153.92"
"15/01/2025","14/02/2025","Eldas","188.43","178.92","163.24"
"15/01/2025","14/02/2025","Bute","185.25","175.74","160.06"
"15/01/2025","14/02/2025","Hadado","183.73","174.22","158.55"
"15/01/2025","14/02/2025","Mai Mahiu","176.7","167.19","151.52"
"15/01/2025","14/02/2025","Doldo","179.47","169.96","154.28"
"15/01/2025","14/02/2025","Lamuria","178.52","169.01","153.34"
"15/01/2025","14/02/2025","Sipili","179.45","169.94","154.27"
"15/01/2025","14/02/2025","Marimanti","179.06","169.54","153.86"
"15/01/2025","14/02/2025","Mutuobare","178.35","168.83","153.15"
"15/01/2025","14/02/2025","North Horr","186.04","176.53","160.85"
"15/01/2025","14/02/2025","Maikona","184.56","175.04","159.36"
"15/01/2025","14/02/2025","Kalacha","185.14","175.62","159.95"
"15/01/2025","14/02/2025","Loyangalani","185.21","175.69","160.02"
"15/01/2025","14/02/2025","Turbi","185","175.48","159.81"
"15/01/2025","14/02/2025","Laisamis","181.99","172.49","156.81"
"15/01/2025","14/02/2025","Merille","181.68","172.16","156.48"
"15/01/2025","14/02/2025","Korr","183.01","173.5","157.82"
"15/01/2025","14/02/2025","Nakuru","175.8","166.63","151.01"
"15/01/2025","14/02/2025","Gilgil","175.76","166.59","150.96"
"15/01/2025","14/02/2025","Mogotio","175.75","166.57","150.95"
"15/01/2025","14/02/2025","Molo","175.84","166.67","151.04"
"15/01/2025","14/02/2025","Olenguruone","176.6","167.42","151.8"
"15/01/2025","14/02/2025","Londiani","176.08","166.91","151.29"
"15/01/2025","14/02/2025","Nyahururu","176.07","166.9","151.26"
"15/01/2025","14/02/2025","Archers Post","179.28","170.1","154.48"
"15/01/2025","14/02/2025","Lodosoit","180.46","171.28","155.66"
"15/01/2025","14/02/2025","Naivasha","176.16","166.98","151.36"
"15/01/2025","14/02/2025","Marigat","176.59","167.41","151.79"
"15/01/2025","14/02/2025","Kabarnet","177.11","167.94","152.31"
"15/01/2025","14/02/2025","Maralal","178.28","169.1","153.48"
"15/01/2025","14/02/2025","Wamba","179.18","170.01","154.38"
"15/01/2025","14/02/2025","Rumuruti","176.66","167.48","151.86"
"15/01/2025","14/02/2025","Eldoret","176.62","167.45","151.82"
"15/01/2025","14/02/2025","Kiplombe","176.62","167.45","151.82"
"15/01/2025","14/02/2025","Iten","176.62","167.45","151.82"
"15/01/2025","14/02/2025","Naiberi","176.62","167.45","151.82"
"15/01/2025","14/02/2025","Kesses","176.62","167.45","151.82"
"15/01/2025","14/02/2025","Kapsabet","176.64","167.47","151.84"
"15/01/2025","14/02/2025","Webuye","177.09","167.91","152.28"
"15/01/2025","14/02/2025","Kitale","177.02","167.84","152.22"
"15/01/2025","14/02/2025","Kapenguria","177.7","168.52","152.9"
"15/01/2025","14/02/2025","Bungoma","177.45","168.27","152.64"
"15/12/2024","14/01/2025","Lokiriama","181.56","170.68","154.05"
"15/12/2024","14/01/2025","Kainuk","178.56","167.67","151.05"
"15/12/2024","14/01/2025","Kacheliba","177.84","166.95","150.33"
"15/12/2024","14/01/2025","Kiwawa","178.49","167.6","150.98"
"15/12/2024","14/01/2025","Ortum","178.05","167.16","150.54"
"15/12/2024","14/01/2025","Kachibora","176.75","165.87","149.24"
"15/12/2024","14/01/2025","Kwanza","177.51","166.64","150"
"15/12/2024","14/01/2025","Kaplamai","176.78","165.9","149.27"
"15/12/2024","14/01/2025","Eldama Ravine","177.22","166.34","149.71"
"15/12/2024","14/01/2025","Tenges","177.38","166.5","149.87"
"15/12/2024","14/01/2025","Barwessa","177.5","166.62","149.99"
"15/12/2024","14/01/2025","Kipsaraman","178.48","167.59","150.97"
"15/12/2024","14/01/2025","Loruk","178.34","167.45","150.83"
"15/12/2024","14/01/2025","Kabartonjo","177.22","166.34","149.71"
"15/12/2024","14/01/2025","Tindiret","177.29","166.41","149.78"
"15/12/2024","14/01/2025","O'lessos","176.4","165.52","148.89"
"15/12/2024","14/01/2025","Kobujoi","176.83","165.95","149.33"
"15/12/2024","14/01/2025","Serem","176.92","166.04","149.41"
"15/12/2024","14/01/2025","Kabiyet","176.33","165.45","148.82"
"15/12/2024","14/01/2025","Cheptulu","176.8","165.91","149.28"
"15/12/2024","14/01/2025","Songor","177.38","166.5","149.87"
"15/12/2024","14/01/2025","Kapcherop","176.99","166.1","149.48"
"15/12/2024","14/01/2025","Sambalat","177.72","166.85","150.21"
"15/12/2024","14/01/2025","Arror","177.35","166.46","149.84"
"15/12/2024","14/01/2025","Tot","177.57","166.69","150.06"
"15/12/2024","14/01/2025","Kaptarakwa","176.54","165.66","149.03"
"15/12/2024","14/01/2025","Kapese","179.71","168.83","152.2"
"15/12/2024","14/01/2025","Kalemngorok","179.06","168.17","151.55"
"15/12/2024","14/01/2025","Marich","177.96","167.08","150.46"
"15/12/2024","14/01/2025","Alale","178.49","167.6","150.98"
"15/12/2024","14/01/2025","Kunyao","178.13","167.24","150.62"
"15/12/2024","14/01/2025","Asilong","177.68","166.8","150.18"
"15/12/2024","14/01/2025","Orolwo","177.72","166.85","150.21"
"15/12/2024","14/01/2025","Sebit","177.67","166.79","150.16"
"15/12/2024","14/01/2025","Morpus","177.57","166.69","150.06"
"15/12/2024","14/01/2025","Chepkorniswo","177.45","166.57","149.93"
"15/12/2024","14/01/2025","Kaibichbich","177.39","166.51","149.89"
"15/12/2024","14/01/2025","Keringet","177.1","166.22","149.59"
"15/12/2024","14/01/2025","Kisumu","176.33","165.44","148.82"
"15/12/2024","14/01/2025","Sondu","176.44","165.56","148.93"
"15/12/2024","14/01/2025","Oyugis","176.96","166.07","149.45"
"15/12/2024","14/01/2025","Kakamega","176.38","165.5","148.88"
"15/12/2024","14/01/2025","Mumias","176.68","165.79","149.17"
"15/12/2024","14/01/2025","Bondo","176.55","165.68","149.04"
"15/12/2024","14/01/2025","Siaya","176.69","165.8","149.18"
"15/12/2024","14/01/2025","Kericho","176.88","165.99","149.37"
"15/12/2024","14/01/2025","Nyamira","176.95","166.06","149.44"
"15/12/2024","14/01/2025","Kisii","177.27","166.39","149.77"
"15/12/2024","14/01/2025","Sotik","177.09","166.21","149.59"
"15/12/2024","14/01/2025","Keroka","177.28","166.41","149.78"
"15/12/2024","14/01/2025","Busia","177.26","166.38","149.75"
"15/12/2024","14/01/2025","Homabay","177.2","166.32","149.7"
"15/12/2024","14/01/2025","Migori","178.12","167.24","150.62"
"15/12/2024","14/01/2025","Isebania","178.43","167.54","150.92"
"15/12/2024","14/01/2025","Bomet","177.53","166.64","150.02"
"15/12/2024","14/01/2025","Muhoroni","176.58","165.69","149.06"
"15/12/2024","14/01/2025","Mbita","177.19","166.31","149.68"
"15/12/2024","14/01/2025","Mbale","176.33","165.44","148.82"
"15/12/2024","14/01/2025","Etago","177.89","167","150.38"
"15/12/2024","14/01/2025","Magenche","178","167.11","150.49"
"15/12/2024","14/01/2025","Kilgoris","177.82","166.94","150.31"
"15/12/2024","14/01/2025","Malava","176.72","165.84","149.21"
"15/12/2024","14/01/2025","Lugari","177.13","166.26","149.63"
"15/12/2024","14/01/2025","Rodi Kopany","177.27","166.39","149.77"
"15/12/2024","14/01/2025","Ndhiwa","177.56","166.68","150.06"
"15/12/2024","14/01/2025","Rangwe","177.26","166.38","149.75"
"15/12/2024","14/01/2025","Sindo","177.27","166.39","149.77"
"15/12/2024","14/01/2025","Awasi","176.29","165.41","148.79"
"15/12/2024","14/01/2025","Ahero","176.33","165.44","148.82"
"15/12/2024","14/01/2025","Ugunja","176.78","165.91","149.28"
"15/12/2024","14/01/2025","Asembo","176.41","165.54","148.9"
"15/12/2024","14/01/2025","Usenge","176.92","166.05","149.42"
"15/12/2024","14/01/2025","Harambee","176.37","165.49","148.87"
"15/12/2024","14/01/2025","Muhuru Bay","178.28","167.39","150.77"
"15/12/2024","14/01/2025","Kehancha","178.52","167.65","151.01"
"15/12/2024","14/01/2025","Ntimaru","178.86","167.97","151.35"
"15/12/2024","14/01/2025","Rongo","177.54","166.66","150.03"
"15/12/2024","14/01/2025","Kaspokwony","177.49","166.62","149.99"
"15/12/2024","14/01/2025","Chwele","177.44","166.56","149.93"
"15/12/2024","14/01/2025","Kimilili","177.35","166.48","149.85"
"15/12/2024","14/01/2025","Nambale","177.26","166.38","149.75"
"15/12/2024","14/01/2025","SioPort","177.25","166.36","149.74"
"15/12/2024","14/01/2025","Port Bunyala","177.31","166.42","149.8"
"15/12/2024","14/01/2025","Funyula","177.11","166.22","149.6"
"15/12/2024","14/01/2025","Ogembo","177.44","166.56","149.93"
"15/12/2024","14/01/2025","Nyangusu","177.72","166.84","150.21"
"15/12/2024","14/01/2025","Sengera","177.63","166.75","150.13"
"15/12/2024","14/01/2025","Keumbu","177.34","166.46","149.84"
"15/12/2024","14/01/2025","Marani","177.03","166.14","149.52"
"15/12/2024","14/01/2025","Kerina","177.41","166.53","149.91"
"15/12/2024","14/01/2025","Ikonge","176.72","165.84","149.21"
"15/12/2024","14/01/2025","Nyansiongo","177.15","166.27","149.64"
"15/12/2024","14/01/2025","Mombasa","173.05","161.82","145.15"
"15/12/2024","14/01/2025","Kilifi","173.81","162.59","145.92"
"15/12/2024","14/01/2025","Likoni Mainland","173.43","162.21","145.54"
"15/12/2024","14/01/2025","Kwale","173.43","162.21","145.54"
"15/12/2024","14/01/2025","Malindi","174.03","162.81","146.14"
"15/12/2024","14/01/2025","Lungalunga","174.2","162.97","146.3"
"15/12/2024","14/01/2025","Voi","174.64","163.41","146.73"
"15/12/2024","14/01/2025","Taveta","176.15","164.92","148.25"
"15/12/2024","14/01/2025","Lamu","176.59","165.37","148.69"
"15/12/2024","14/01/2025","Hola","176.9","165.68","149"
"15/12/2024","14/01/2025","Mpeketoni","176.59","165.37","148.69"
"15/12/2024","14/01/2025","Minjila","175.48","164.26","147.58"
"15/12/2024","14/01/2025","Garsen","175.58","164.35","147.68"
"15/12/2024","14/01/2025","Samburu","173.37","162.15","145.47"
"15/12/2024","14/01/2025","Taru","173.56","162.35","145.67"
"15/12/2024","14/01/2025","Mwatate","175","163.77","147.09"
"15/12/2024","14/01/2025","Wundanji","175.17","163.96","147.28"
"15/12/2024","14/01/2025","Kaloleni","173.21","162","145.32"
"15/12/2024","14/01/2025","Marereni","174.74","163.52","146.85"
"15/12/2024","14/01/2025","Nairobi","176.29","165.06","148.39"
"15/12/2024","14/01/2025","Thika","176.29","165.07","148.39"
"15/12/2024","14/01/2025","Machakos","176.54","165.32","148.64"
"15/12/2024","14/01/2025","Kajiado","176.74","165.51","148.83"
"15/12/2024","14/01/2025","Makuyu","176.6","165.37","148.69"
"15/12/2024","14/01/2025","Muranga","176.84","165.62","148.95"
"15/12/2024","14/01/2025","Sagana","177.07","165.86","149.18"
"15/12/2024","14/01/2025","Embu","177.47","166.24","149.57"
"15/12/2024","14/01/2025","Kerugoya","177.39","166.16","149.49"
"15/12/2024","14/01/2025","Narok","177.77","166.56","149.88"
"15/12/2024","14/01/2025","Nyeri","177.76","166.53","149.86"
"15/12/2024","14/01/2025","Namanga","177.94","166.72","150.04"
"15/12/2024","14/01/2025","Kiganjo","177.72","166.5","149.82"
"15/12/2024","14/01/2025","Chuka","178.04","166.81","150.14"
"15/12/2024","14/01/2025","Kitui","177.93","166.71","150.03"
"15/12/2024","14/01/2025","Mwingi","178.34","167.13","150.45"
"15/12/2024","14/01/2025","Nanyuki","178.36","167.14","150.46"
"15/12/2024","14/01/2025","Nkubu","179.39","168.18","151.5"
"15/12/2024","14/01/2025","Mtito Andei","178.9","167.68","151"
"15/12/2024","14/01/2025","Meru","179.6","168.39","151.71"
"15/12/2024","14/01/2025","Isiolo","179.45","168.24","151.56"
"15/12/2024","14/01/2025","Maua","180.09","168.88","152.2"
"15/12/2024","14/01/2025","Garissa","180.76","169.54","152.87"
"15/12/2024","14/01/2025","Marsabit","184.72","173.49","156.82"
"15/12/2024","14/01/2025","Liboi","183.73","172.51","155.84"
"15/12/2024","14/01/2025","Moyale","186.41","175.2","158.52"
"15/12/2024","14/01/2025","Sololo","185.4","174.18","157.5"
"15/12/2024","14/01/2025","Habaswein","183.65","172.43","155.76"
"15/12/2024","14/01/2025","Dadaab","182.25","171.02","154.35"
"15/12/2024","14/01/2025","Tarbaj","186.06","174.85","158.17"
"15/12/2024","14/01/2025","Elwak","187.79","176.57","159.89"
"15/12/2024","14/01/2025","Wajir","186.24","175.01","158.33"
"15/12/2024","14/01/2025","Modogashe","183.8","172.58","155.91"
"15/12/2024","14/01/2025","Mandera","190.29","179.07","162.39"
"15/12/2024","14/01/2025","Matuu","177.25","166.02","149.35"
"15/12/2024","14/01/2025","Merti","182.03","170.8","154.12"
"15/12/2024","14/01/2025","Oldonyiro","178.81","167.59","150.92"
"15/12/2024","14/01/2025","Eldas","188.14","176.92","160.24"
"15/12/2024","14/01/2025","Bute","184.95","173.74","157.06"
"15/12/2024","14/01/2025","Hadado","183.44","172.22","155.55"
"15/12/2024","14/01/2025","Mai Mahiu","176.41","165.19","148.52"
"15/12/2024","14/01/2025","Doldo","179.17","167.96","151.28"
"15/12/2024","14/01/2025","Lamuria","178.23","167.01","150.34"
"15/12/2024","14/01/2025","Sipili","179.16","167.94","151.27"
"15/12/2024","14/01/2025","Marimanti","178.76","167.54","150.86"
"15/12/2024","14/01/2025","Mutuobare","178.05","166.83","150.15"
"15/12/2024","14/01/2025","North Horr","185.75","174.53","157.85"
"15/12/2024","14/01/2025","Maikona","184.27","173.04","156.36"
"15/12/2024","14/01/2025","Kalacha","184.85","173.62","156.95"
"15/12/2024","14/01/2025","Loyangalani","184.92","173.69","157.02"
"15/12/2024","14/01/2025","Turbi","184.71","173.48","156.81"
"15/12/2024","14/01/2025","Laisamis","181.7","170.49","153.81"
"15/12/2024","14/01/2025","Merille","181.39","170.16","153.48"
"15/12/2024","14/01/2025","Korr","182.72","171.5","154.82"
"15/12/2024","14/01/2025","Nakuru","175.51","164.63","148.01"
"15/12/2024","14/01/2025","Gilgil","175.47","164.59","147.96"
"15/12/2024","14/01/2025","Mogotio","175.46","164.57","147.95"
"15/12/2024","14/01/2025","Molo","175.55","164.67","148.04"
"15/12/2024","14/01/2025","Olenguruone","176.31","165.42","148.8"
"15/12/2024","14/01/2025","Londiani","175.79","164.91","148.29"
"15/12/2024","14/01/2025","Nyahururu","175.78","164.9","148.26"
"15/12/2024","14/01/2025","Archers Post","178.99","168.1","151.48"
"15/12/2024","14/01/2025","Lodosoit","180.17","169.28","152.66"
"15/12/2024","14/01/2025","Naivasha","175.86","164.98","148.36"
"15/12/2024","14/01/2025","Marigat","176.3","165.41","148.79"
"15/12/2024","14/01/2025","Kabarnet","176.82","165.94","149.31"
"15/12/2024","14/01/2025","Maralal","177.99","167.1","150.48"
"15/12/2024","14/01/2025","Wamba","178.88","168.01","151.38"
"15/12/2024","14/01/2025","Rumuruti","176.37","165.48","148.86"
"15/12/2024","14/01/2025","Eldoret","176.33","165.45","148.82"
"15/12/2024","14/01/2025","Kiplombe","176.33","165.45","148.82"
"15/12/2024","14/01/2025","Iten","176.33","165.45","148.82"
"15/12/2024","14/01/2025","Naiberi","176.33","165.45","148.82"
"15/12/2024","14/01/2025","Kesses","176.33","165.45","148.82"
"15/12/2024","14/01/2025","Kapsabet","176.34","165.47","148.84"
"15/12/2024","14/01/2025","Webuye","176.8","165.91","149.28"
"15/12/2024","14/01/2025","Kitale","176.73","165.84","149.22"
"15/12/2024","14/01/2025","Kapenguria","177.4","166.52","149.9"
"15/12/2024","14/01/2025","Bungoma","177.16","166.27","149.64"
"15/12/2024","14/01/2025","Moiben","176.34","165.47","148.84"
"15/12/2024","14/01/2025","Matunda","176.32","165.44","148.81"
"15/12/2024","14/01/2025","Burnt Forest","176.27","165.4","148.77"
"15/12/2024","14/01/2025","Tambach","176.38","165.49","148.87"
"15/12/2024","14/01/2025","Kapsowar","176.88","165.99","149.37"
"15/12/2024","14/01/2025","Chebara","176.75","165.87","149.24"
"15/12/2024","14/01/2025","Kimwarer","176.67","165.79","149.16"
"15/12/2024","14/01/2025","Timboroa","176.59","165.7","149.08"
"15/12/2024","14/01/2025","Nandi Hills","176.54","165.66","149.03"
"15/12/2024","14/01/2025","Kaiboi","176.39","165.51","148.88"
"15/12/2024","14/01/2025","Kiminini","176.92","166.04","149.41"
"15/12/2024","14/01/2025","Endebes","177.29","166.41","149.78"
"15/12/2024","14/01/2025","Saboti","176.95","166.06","149.44"
"15/12/2024","14/01/2025","Chepareria","177.63","166.74","150.12"
"15/12/2024","14/01/2025","Lomut","179.36","168.48","151.86"
"15/12/2024","14/01/2025","Burgich","178.07","167.18","150.56"
"15/12/2024","14/01/2025","Sigor","178.21","167.32","150.7"
"15/12/2024","14/01/2025","Lodwar","180.82","169.94","153.31"
"15/12/2024","14/01/2025","Kakuma","182.53","171.65","155.03"
"15/12/2024","14/01/2025","Lokichar","179.75","168.87","152.24"
"15/12/2024","14/01/2025","Kalokol","181.64","170.76","154.13"
"15/12/2024","14/01/2025","Lokori","180.14","169.26","152.64"
"15/12/2024","14/01/2025","Lokitaung","184.74","173.85","157.23"
"15/12/2024","14/01/2025","Kapedo","179.36","168.48","151.86"
"15/12/2024","14/01/2025","Malaba","177.58","166.71","150.07"
"15/12/2024","14/01/2025","Lokichogio","183.81","172.93","156.3"
"15/12/2024","14/01/2025","Ziwa","176.54","165.66","149.03"
"15/12/2024","14/01/2025","Soy","176.33","165.45","148.82"
"15/12/2024","14/01/2025","Moi's Bridge","176.4","165.52","148.89"
"15/12/2024","14/01/2025","Turbo","176.27","165.4","148.77"
"15/12/2024","14/01/2025","Kibish","184.99","174.11","157.49"
"15/12/2024","14/01/2025","Nakalale","183.72","172.84","156.22"
"15/12/2024","14/01/2025","Loima","179.88","168.99","152.37"
"15/11/2024","14/12/2024","Sebit","182.03","169.79","153.16"
"15/11/2024","14/12/2024","Morpus","181.92","169.69","153.06"
"15/11/2024","14/12/2024","Chepkorniswo","181.8","169.57","152.93"
"15/11/2024","14/12/2024","Kaibichbich","181.75","169.51","152.89"
"15/11/2024","14/12/2024","Keringet","181.45","169.22","152.59"
"15/11/2024","14/12/2024","Kisumu","180.68","168.44","151.82"
"15/11/2024","14/12/2024","Sondu","180.8","168.56","151.93"
"15/11/2024","14/12/2024","Oyugis","181.31","169.07","152.45"
"15/11/2024","14/12/2024","Kakamega","180.74","168.5","151.88"
"15/11/2024","14/12/2024","Mumias","181.03","168.79","152.17"
"15/11/2024","14/12/2024","Bondo","180.91","168.68","152.04"
"15/11/2024","14/12/2024","Siaya","181.04","168.8","152.18"
"15/11/2024","14/12/2024","Kericho","181.23","168.99","152.37"
"15/11/2024","14/12/2024","Nyamira","181.3","169.06","152.44"
"15/11/2024","14/12/2024","Kisii","181.63","169.39","152.77"
"15/11/2024","14/12/2024","Sotik","181.45","169.21","152.59"
"15/11/2024","14/12/2024","Keroka","181.64","169.41","152.78"
"15/11/2024","14/12/2024","Busia","181.61","169.38","152.75"
"15/11/2024","14/12/2024","Homabay","181.56","169.32","152.7"
"15/11/2024","14/12/2024","Migori","182.48","170.24","153.62"
"15/11/2024","14/12/2024","Isebania","182.78","170.54","153.92"
"15/11/2024","14/12/2024","Bomet","181.88","169.64","153.02"
"15/11/2024","14/12/2024","Muhoroni","180.93","168.69","152.06"
"15/11/2024","14/12/2024","Mbita","181.54","169.31","152.68"
"15/11/2024","14/12/2024","Mbale","180.68","168.44","151.82"
"15/11/2024","14/12/2024","Etago","182.24","170","153.38"
"15/11/2024","14/12/2024","Magenche","182.35","170.11","153.49"
"15/11/2024","14/12/2024","Kilgoris","182.17","169.94","153.31"
"15/11/2024","14/12/2024","Malava","181.08","168.84","152.21"
"15/11/2024","14/12/2024","Lugari","181.49","169.26","152.63"
"15/11/2024","14/12/2024","Rodi Kopany","181.63","169.39","152.77"
"15/11/2024","14/12/2024","Ndhiwa","181.92","169.68","153.06"
"15/11/2024","14/12/2024","Rangwe","181.61","169.38","152.75"
"15/11/2024","14/12/2024","Sindo","181.63","169.39","152.77"
"15/11/2024","14/12/2024","Awasi","180.65","168.41","151.79"
"15/11/2024","14/12/2024","Ahero","180.68","168.44","151.82"
"15/11/2024","14/12/2024","Ugunja","181.15","168.91","152.28"
"15/11/2024","14/12/2024","Asembo","180.76","168.54","151.9"
"15/11/2024","14/12/2024","Usenge","181.28","169.05","152.42"
"15/11/2024","14/12/2024","Harambee","180.73","168.49","151.87"
"15/11/2024","14/12/2024","Muhuru Bay","182.63","170.39","153.77"
"15/11/2024","14/12/2024","Kehancha","182.87","170.65","154.01"
"15/11/2024","14/12/2024","Ntimaru","183.21","170.97","154.35"
"15/11/2024","14/12/2024","Rongo","181.89","169.66","153.03"
"15/11/2024","14/12/2024","Kaspokwony","181.85","169.62","152.99"
"15/11/2024","14/12/2024","Chwele","181.8","169.56","152.93"
"15/11/2024","14/12/2024","Kimilili","181.71","169.48","152.85"
"15/11/2024","14/12/2024","Nambale","181.61","169.38","152.75"
"15/11/2024","14/12/2024","SioPort","181.6","169.36","152.74"
"15/11/2024","14/12/2024","Port Bunyala","181.66","169.42","152.8"
"15/11/2024","14/12/2024","Funyula","181.46","169.22","152.6"
"15/11/2024","14/12/2024","Ogembo","181.8","169.56","152.93"
"15/11/2024","14/12/2024","Nyangusu","182.07","169.84","153.21"
"15/11/2024","14/12/2024","Sengera","181.99","169.75","153.13"
"15/11/2024","14/12/2024","Keumbu","181.7","169.46","152.84"
"15/11/2024","14/12/2024","Marani","181.38","169.14","152.52"
"15/11/2024","14/12/2024","Kerina","181.77","169.53","152.91"
"15/11/2024","14/12/2024","Ikonge","181.08","168.84","152.21"
"15/11/2024","14/12/2024","Nyansiongo","181.5","169.27","152.64"
"15/11/2024","14/12/2024","Mombasa","177.42","164.82","148.15"
"15/11/2024","14/12/2024","Kilifi","178.19","165.59","148.92"
"15/11/2024","14/12/2024","Likoni Mainland","177.8","165.21","148.54"
"15/11/2024","14/12/2024","Kwale","177.8","165.21","148.54"
"15/11/2024","14/12/2024","Malindi","178.41","165.81","149.14"
"15/11/2024","14/12/2024","Lungalunga","178.57","165.97","149.3"
"15/11/2024","14/12/2024","Voi","179.01","166.41","149.73"
"15/11/2024","14/12/2024","Taveta","180.52","167.92","151.25"
"15/11/2024","14/12/2024","Lamu","180.97","168.37","151.69"
"15/11/2024","14/12/2024","Hola","181.27","168.68","152"
"15/11/2024","14/12/2024","Mpeketoni","180.97","168.37","151.69"
"15/11/2024","14/12/2024","Minjila","179.86","167.26","150.58"
"15/11/2024","14/12/2024","Garsen","179.95","167.35","150.68"
"15/11/2024","14/12/2024","Samburu","177.75","165.15","148.47"
"15/11/2024","14/12/2024","Taru","177.94","165.35","148.67"
"15/11/2024","14/12/2024","Mwatate","179.37","166.77","150.09"
"15/11/2024","14/12/2024","Wundanji","179.55","166.96","150.28"
"15/11/2024","14/12/2024","Kaloleni","177.6","165","148.32"
"15/11/2024","14/12/2024","Marereni","179.12","166.52","149.85"
"15/11/2024","14/12/2024","Nairobi","180.66","168.06","151.39"
"15/11/2024","14/12/2024","Thika","180.66","168.07","151.39"
"15/11/2024","14/12/2024","Machakos","180.91","168.32","151.64"
"15/11/2024","14/12/2024","Kajiado","181.11","168.51","151.83"
"15/11/2024","14/12/2024","Makuyu","180.97","168.37","151.69"
"15/11/2024","14/12/2024","Muranga","181.22","168.62","151.95"
"15/11/2024","14/12/2024","Sagana","181.46","168.86","152.18"
"15/11/2024","14/12/2024","Embu","181.84","169.24","152.57"
"15/11/2024","14/12/2024","Kerugoya","181.76","169.16","152.49"
"15/11/2024","14/12/2024","Narok","182.15","169.56","152.88"
"15/11/2024","14/12/2024","Nyeri","182.13","169.53","152.86"
"15/11/2024","14/12/2024","Namanga","182.32","169.72","153.04"
"15/11/2024","14/12/2024","Kiganjo","182.1","169.5","152.82"
"15/11/2024","14/12/2024","Chuka","182.41","169.81","153.14"
"15/11/2024","14/12/2024","Kitui","182.31","169.71","153.03"
"15/11/2024","14/12/2024","Mwingi","182.72","170.13","153.45"
"15/11/2024","14/12/2024","Nanyuki","182.73","170.14","153.46"
"15/11/2024","14/12/2024","Nkubu","183.78","171.18","154.5"
"15/11/2024","14/12/2024","Mtito Andei","183.28","170.68","154"
"15/11/2024","14/12/2024","Meru","183.99","171.39","154.71"
"15/11/2024","14/12/2024","Isiolo","183.83","171.24","154.56"
"15/11/2024","14/12/2024","Maua","184.47","171.88","155.2"
"15/11/2024","14/12/2024","Garissa","185.14","172.54","155.87"
"15/11/2024","14/12/2024","Marsabit","189.09","176.49","159.82"
"15/11/2024","14/12/2024","Liboi","188.11","175.51","158.84"
"15/11/2024","14/12/2024","Moyale","190.79","178.2","161.52"
"15/11/2024","14/12/2024","Sololo","189.78","177.18","160.5"
"15/11/2024","14/12/2024","Habaswein","188.02","175.43","158.76"
"15/11/2024","14/12/2024","Dadaab","186.62","174.02","157.35"
"15/11/2024","14/12/2024","Tarbaj","190.44","177.85","161.17"
"15/11/2024","14/12/2024","Elwak","192.17","179.57","162.89"
"15/11/2024","14/12/2024","Wajir","190.61","178.01","161.33"
"15/11/2024","14/12/2024","Modogashe","188.18","175.58","158.91"
"15/11/2024","14/12/2024","Mandera","194.66","182.07","165.39"
"15/11/2024","14/12/2024","Matuu","181.62","169.02","152.35"
"15/11/2024","14/12/2024","Merti","186.4","173.8","157.12"
"15/11/2024","14/12/2024","Oldonyiro","183.19","170.59","153.92"
"15/11/2024","14/12/2024","Eldas","192.51","179.92","163.24"
"15/11/2024","14/12/2024","Bute","189.33","176.74","160.06"
"15/11/2024","14/12/2024","Hadado","187.82","175.22","158.55"
"15/11/2024","14/12/2024","Mai Mahiu","180.79","168.19","151.52"
"15/11/2024","14/12/2024","Doldo","183.55","170.96","154.28"
"15/11/2024","14/12/2024","Lamuria","182.61","170.01","153.34"
"15/11/2024","14/12/2024","Sipili","183.54","170.94","154.27"
"15/11/2024","14/12/2024","Marimanti","183.14","170.54","153.86"
"15/11/2024","14/12/2024","Mutuobare","182.42","169.83","153.15"
"15/11/2024","14/12/2024","North Horr","190.12","177.53","160.85"
"15/11/2024","14/12/2024","Maikona","188.64","176.04","159.36"
"15/11/2024","14/12/2024","Kalacha","189.22","176.62","159.95"
"15/11/2024","14/12/2024","Loyangalani","189.29","176.69","160.02"
"15/11/2024","14/12/2024","Turbi","189.08","176.48","159.81"
"15/11/2024","14/12/2024","Laisamis","186.08","173.49","156.81"
"15/11/2024","14/12/2024","Merille","185.76","173.16","156.48"
"15/11/2024","14/12/2024","Korr","187.1","174.5","157.82"
"15/11/2024","14/12/2024","Nakuru","179.87","167.63","151.01"
"15/11/2024","14/12/2024","Gilgil","179.82","167.59","150.96"
"15/11/2024","14/12/2024","Mogotio","179.81","167.57","150.95"
"15/11/2024","14/12/2024","Molo","179.9","167.67","151.04"
"15/11/2024","14/12/2024","Olenguruone","180.66","168.42","151.8"
"15/11/2024","14/12/2024","Londiani","180.15","167.91","151.29"
"15/11/2024","14/12/2024","Nyahururu","180.14","167.9","151.26"
"15/11/2024","14/12/2024","Archers Post","183.34","171.1","154.48"
"15/11/2024","14/12/2024","Lodosoit","184.52","172.28","155.66"
"15/11/2024","14/12/2024","Naivasha","180.22","167.98","151.36"
"15/11/2024","14/12/2024","Marigat","180.65","168.41","151.79"
"15/11/2024","14/12/2024","Kabarnet","181.17","168.94","152.31"
"15/11/2024","14/12/2024","Maralal","182.34","170.1","153.48"
"15/11/2024","14/12/2024","Wamba","183.24","171.01","154.38"
"15/11/2024","14/12/2024","Rumuruti","180.72","168.48","151.86"
"15/11/2024","14/12/2024","Eldoret","180.68","168.45","151.82"
"15/11/2024","14/12/2024","Kiplombe","180.68","168.45","151.82"
"15/11/2024","14/12/2024","Iten","180.68","168.45","151.82"
"15/11/2024","14/12/2024","Naiberi","180.68","168.45","151.82"
"15/11/2024","14/12/2024","Kesses","180.68","168.45","151.82"
"15/11/2024","14/12/2024","Kapsabet","180.7","168.47","151.84"
"15/11/2024","14/12/2024","Webuye","181.15","168.91","152.28"
"15/11/2024","14/12/2024","Kitale","181.08","168.84","152.22"
"15/11/2024","14/12/2024","Kapenguria","181.76","169.52","152.9"
"15/11/2024","14/12/2024","Bungoma","181.51","169.27","152.64"
"15/11/2024","14/12/2024","Moiben","180.7","168.47","151.84"
"15/11/2024","14/12/2024","Matunda","180.67","168.44","151.81"
"15/11/2024","14/12/2024","Burnt Forest","180.63","168.4","151.77"
"15/11/2024","14/12/2024","Tambach","180.73","168.49","151.87"
"15/11/2024","14/12/2024","Kapsowar","181.23","168.99","152.37"
"15/11/2024","14/12/2024","Chebara","181.1","168.87","152.24"
"15/11/2024","14/12/2024","Kimwarer","181.02","168.79","152.16"
"15/11/2024","14/12/2024","Timboroa","180.94","168.7","152.08"
"15/11/2024","14/12/2024","Nandi Hills","180.9","168.66","152.03"
"15/11/2024","14/12/2024","Kaiboi","180.74","168.51","151.88"
"15/11/2024","14/12/2024","Kiminini","181.27","169.04","152.41"
"15/11/2024","14/12/2024","Endebes","181.64","169.41","152.78"
"15/11/2024","14/12/2024","Saboti","181.3","169.06","152.44"
"15/11/2024","14/12/2024","Chepareria","181.98","169.74","153.12"
"15/11/2024","14/12/2024","Lomut","183.72","171.48","154.86"
"15/11/2024","14/12/2024","Burgich","182.42","170.18","153.56"
"15/11/2024","14/12/2024","Sigor","182.56","170.32","153.7"
"15/11/2024","14/12/2024","Lodwar","185.17","172.94","156.31"
"15/11/2024","14/12/2024","Kakuma","186.89","174.65","158.03"
"15/11/2024","14/12/2024","Lokichar","184.1","171.87","155.24"
"15/11/2024","14/12/2024","Kalokol","185.99","173.76","157.13"
"15/11/2024","14/12/2024","Lokori","184.5","172.26","155.64"
"15/11/2024","14/12/2024","Lokitaung","189.09","176.85","160.23"
"15/11/2024","14/12/2024","Kapedo","183.72","171.48","154.86"
"15/11/2024","14/12/2024","Malaba","181.93","169.71","153.07"
"15/11/2024","14/12/2024","Lokichogio","188.16","175.93","159.3"
"15/11/2024","14/12/2024","Ziwa","180.9","168.66","152.03"
"15/11/2024","14/12/2024","Soy","180.69","168.45","151.82"
"15/11/2024","14/12/2024","Moi's Bridge","180.76","168.52","151.89"
"15/11/2024","14/12/2024","Turbo","180.63","168.4","151.77"
"15/11/2024","14/12/2024","Kibish","189.35","177.11","160.49"
"15/11/2024","14/12/2024","Nakalale","188.08","175.84","159.22"
"15/11/2024","14/12/2024","Loima","184.23","171.99","155.37"
"15/11/2024","14/12/2024","Lokiriama","185.91","173.68","157.05"
"15/11/2024","14/12/2024","Kainuk","182.91","170.67","154.05"
"15/11/2024","14/12/2024","Kacheliba","182.19","169.95","153.33"
"15/11/2024","14/12/2024","Kiwawa","182.84","170.6","153.98"
"15/11/2024","14/12/2024","Ortum","182.4","170.16","153.54"
"15/11/2024","14/12/2024","Kachibora","181.1","168.87","152.24"
"15/11/2024","14/12/2024","Kwanza","181.87","169.64","153"
"15/11/2024","14/12/2024","Kaplamai","181.13","168.9","152.27"
"15/11/2024","14/12/2024","Eldama Ravine","181.58","169.34","152.71"
"15/11/2024","14/12/2024","Tenges","181.73","169.5","152.87"
"15/11/2024","14/12/2024","Barwessa","181.85","169.62","152.99"
"15/11/2024","14/12/2024","Kipsaraman","182.83","170.59","153.97"
"15/11/2024","14/12/2024","Loruk","182.69","170.45","153.83"
"15/11/2024","14/12/2024","Kabartonjo","181.58","169.34","152.71"
"15/11/2024","14/12/2024","Tindiret","181.64","169.41","152.78"
"15/11/2024","14/12/2024","O'lessos","180.76","168.52","151.89"
"15/11/2024","14/12/2024","Kobujoi","181.19","168.95","152.33"
"15/11/2024","14/12/2024","Serem","181.27","169.04","152.41"
"15/11/2024","14/12/2024","Kabiyet","180.69","168.45","151.82"
"15/11/2024","14/12/2024","Cheptulu","181.15","168.91","152.28"
"15/11/2024","14/12/2024","Songor","181.73","169.5","152.87"
"15/11/2024","14/12/2024","Kapcherop","181.34","169.1","152.48"
"15/11/2024","14/12/2024","Sambalat","182.07","169.85","153.21"
"15/11/2024","14/12/2024","Arror","181.7","169.46","152.84"
"15/11/2024","14/12/2024","Tot","181.92","169.69","153.06"
"15/11/2024","14/12/2024","Kaptarakwa","180.9","168.66","152.03"
"15/11/2024","14/12/2024","Kapese","184.07","171.83","155.2"
"15/11/2024","14/12/2024","Kalemngorok","183.41","171.17","154.55"
"15/11/2024","14/12/2024","Marich","182.32","170.08","153.46"
"15/11/2024","14/12/2024","Alale","182.84","170.6","153.98"
"15/11/2024","14/12/2024","Kunyao","182.48","170.24","153.62"
"15/11/2024","14/12/2024","Asilong","182.04","169.8","153.18"
"15/11/2024","14/12/2024","Orolwo","182.07","169.85","153.21"